Workbook

Sheet Test
A1: 6. SINIF KÜP SORULARI · RASTGELE TEST
A3: Soru sayısı | B3: 10 | C3: 1 ile 100 arası
A4: Konu | B4: Hepsi | C4: Listeden seçin
A5: Zorluk | B5: Hepsi | C5: Hepsi / Kolay / Orta / Zor
A6: Uygun soru (havuzda) | B6: =SUM('Soru Havuzu'!$J$2:$J$1001) -> 224 | C6: =IF(B6<B3,"Uyarı: havuzda yeterli soru yok, "&B6&" soru listelendi.","")
A8: Sarı hücreleri değiştirin. Yeni sorular için F9'a basın. Listeyi sabitlemek için: Kopyala → Değerleri Yapıştır.
A9: Ad Soyad: ................................. Sınıf: ........... Tarih: ....../....../......
A11: No | B11: Soru | C11: A) | D11: B) | E11: C) | F11: D) | G11: Konu | H11: Zorluk | J11: Havuz satırı
A12: =IF($J12="","",1) -> 1 | B12: =IF($J12="","",INDEX('Soru Havuzu'!$D$2:$D$1001,$J12)) -> Bir ayrıtı 2 cm olan küpün tüm ayrıtlarının uzunlukları toplamı kaç cm'dir? | C12: =IF($J12="","",INDEX('Soru Havuzu'!$E$2:$E$1001,$J12)) -> 16 | D12: =IF($J12="","",INDEX('Soru Havuzu'!$F$2:$F$1001,$J12)) -> 24 | E12: =IF($J12="","",INDEX('Soru Havuzu'!$G$2:$G$1001,$J12)) -> 8 | F12: =IF($J12="","",INDEX('Soru Havuzu'!$H$2:$H$1001,$J12)) -> 12 | G12: =IF($J12="","",INDEX('Soru Havuzu'!$B$2:$B$1001,$J12)) -> Küpün Özellikleri | H12: =IF($J12="","",INDEX('Soru Havuzu'!$C$2:$C$1001,$J12)) -> Orta | J12: =IF(1<=MIN($B$3,$B$6),MATCH(1,'Soru Havuzu'!$L$2:$L$1001,0),"") -> 177
A13: =IF($J13="","",2) -> 2 | B13: =IF($J13="","",INDEX('Soru Havuzu'!$D$2:$D$1001,$J13)) -> 7³ ifadesinin değeri kaçtır? | C13: =IF($J13="","",INDEX('Soru Havuzu'!$E$2:$E$1001,$J13)) -> 343 | D13: =IF($J13="","",INDEX('Soru Havuzu'!$F$2:$F$1001,$J13)) -> 49 | E13: =IF($J13="","",INDEX('Soru Havuzu'!$G$2:$G$1001,$J13)) -> 21 | F13: =IF($J13="","",INDEX('Soru Havuzu'!$H$2:$H$1001,$J13)) -> 350 | G13: =IF($J13="","",INDEX('Soru Havuzu'!$B$2:$B$1001,$J13)) -> Sayının Küpü | H13: =IF($J13="","",INDEX('Soru Havuzu'!$C$2:$C$1001,$J13)) -> Kolay | J13: =IF(2<=MIN($B$3,$B$6),MATCH(2,'Soru Havuzu'!$L$2:$L$1001,0),"") -> 7
A14: =IF($J14="","",3) -> 3 | B14: =IF($J14="","",INDEX('Soru Havuzu'!$D$2:$D$1001,$J14)) -> Bir ayrıtı 7 cm olan küpün tüm ayrıtlarının uzunlukları toplamı kaç cm'dir? | C14: =IF($J14="","",INDEX('Soru Havuzu'!$E$2:$E$1001,$J14)) -> 42 | D14: =IF($J14="","",INDEX('Soru Havuzu'!$F$2:$F$1001,$J14)) -> 56 | E14: =IF($J14="","",INDEX('Soru Havuzu'!$G$2:$G$1001,$J14)) -> 84 | F14: =IF($J14="","",INDEX('Soru Havuzu'!$H$2:$H$1001,$J14)) -> 343 | G14: =IF($J14="","",INDEX('Soru Havuzu'!$B$2:$B$1001,$J14)) -> Küpün Özellikleri | H14: =IF($J14="","",INDEX('Soru Havuzu'!$C$2:$C$1001,$J14)) -> Orta | J14: =IF(3<=MIN($B$3,$B$6),MATCH(3,'Soru Havuzu'!$L$2:$L$1001,0),"") -> 182
A15: =IF($J15="","",4) -> 4 | B15: =IF($J15="","",INDEX('Soru Havuzu'!$D$2:$D$1001,$J15)) -> Hacmi 8 cm³ olan küpün bir ayrıtı kaç cm'dir? | C15: =IF($J15="","",INDEX('Soru Havuzu'!$E$2:$E$1001,$J15)) -> 2 | D15: =IF($J15="","",INDEX('Soru Havuzu'!$F$2:$F$1001,$J15)) -> 3 | E15: =IF($J15="","",INDEX('Soru Havuzu'!$G$2:$G$1001,$J15)) -> 4 | F15: =IF($J15="","",INDEX('Soru Havuzu'!$H$2:$H$1001,$J15)) -> 1 | G15: =IF($J15="","",INDEX('Soru Havuzu'!$B$2:$B$1001,$J15)) -> Küpün Hacmi | H15: =IF($J15="","",INDEX('Soru Havuzu'!$C$2:$C$1001,$J15)) -> Orta | J15: =IF(4<=MIN($B$3,$B$6),MATCH(4,'Soru Havuzu'!$L$2:$L$1001,0),"") -> 119
A16: =IF($J16="","",5) -> 5 | B16: =IF($J16="","",INDEX('Soru Havuzu'!$D$2:$D$1001,$J16)) -> (2 + 2)³ ifadesinin değeri kaçtır? | C16: =IF($J16="","",INDEX('Soru Havuzu'!$E$2:$E$1001,$J16)) -> 10 | D16: =IF($J16="","",INDEX('Soru Havuzu'!$F$2:$F$1001,$J16)) -> 12 | E16: =IF($J16="","",INDEX('Soru Havuzu'!$G$2:$G$1001,$J16)) -> 16 | F16: =IF($J16="","",INDEX('Soru Havuzu'!$H$2:$H$1001,$J16)) -> 64 | G16: =IF($J16="","",INDEX('Soru Havuzu'!$B$2:$B$1001,$J16)) -> Sayının Küpü | H16: =IF($J16="","",INDEX('Soru Havuzu'!$C$2:$C$1001,$J16)) -> Zor | J16: =IF(5<=MIN($B$3,$B$6),MATCH(5,'Soru Havuzu'!$L$2:$L$1001,0),"") -> 84
A17: =IF($J17="","",6) -> 6 | B17: =IF($J17="","",INDEX('Soru Havuzu'!$D$2:$D$1001,$J17)) -> Aşağıdakilerden hangisinin değeri en büyüktür? | C17: =IF($J17="","",INDEX('Soru Havuzu'!$E$2:$E$1001,$J17)) -> 6² | D17: =IF($J17="","",INDEX('Soru Havuzu'!$F$2:$F$1001,$J17)) -> 7² | E17: =IF($J17="","",INDEX('Soru Havuzu'!$G$2:$G$1001,$J17)) -> 3² | F17: =IF($J17="","",INDEX('Soru Havuzu'!$H$2:$H$1001,$J17)) -> 10² | G17: =IF($J17="","",INDEX('Soru Havuzu'!$B$2:$B$1001,$J17)) -> Sayının Küpü | H17: =IF($J17="","",INDEX('Soru Havuzu'!$C$2:$C$1001,$J17)) -> Orta | J17: =IF(6<=MIN($B$3,$B$6),MATCH(6,'Soru Havuzu'!$L$2:$L$1001,0),"") -> 54
A18: =IF($J18="","",7) -> 7 | B18: =IF($J18="","",INDEX('Soru Havuzu'!$D$2:$D$1001,$J18)) -> 6³ ifadesinin anlamı aşağıdakilerden hangisidir? | C18: =IF($J18="","",INDEX('Soru Havuzu'!$E$2:$E$1001,$J18)) -> 6 · 3 | D18: =IF($J18="","",INDEX('Soru Havuzu'!$F$2:$F$1001,$J18)) -> 6 + 6 + 6 | E18: =IF($J18="","",INDEX('Soru Havuzu'!$G$2:$G$1001,$J18)) -> 6 · 6 · 6 | F18: =IF($J18="","",INDEX('Soru Havuzu'!$H$2:$H$1001,$J18)) -> 3 · 3 · 3 · 3 · 3 · 3 | G18: =IF($J18="","",INDEX('Soru Havuzu'!$B$2:$B$1001,$J18)) -> Sayının Küpü | H18: =IF($J18="","",INDEX('Soru Havuzu'!$C$2:$C$1001,$J18)) -> Kolay | J18: =IF(7<=MIN($B$3,$B$6),MATCH(7,'Soru Havuzu'!$L$2:$L$1001,0),"") -> 23
A19: =IF($J19="","",8) -> 8 | B19: =IF($J19="","",INDEX('Soru Havuzu'!$D$2:$D$1001,$J19)) -> Aşağıdakilerden hangisinin değeri en büyüktür? | C19: =IF($J19="","",INDEX('Soru Havuzu'!$E$2:$E$1001,$J19)) -> 5² | D19: =IF($J19="","",INDEX('Soru Havuzu'!$F$2:$F$1001,$J19)) -> 3² | E19: =IF($J19="","",INDEX('Soru Havuzu'!$G$2:$G$1001,$J19)) -> 7² | F19: =IF($J19="","",INDEX('Soru Havuzu'!$H$2:$H$1001,$J19)) -> 9² | G19: =IF($J19="","",INDEX('Soru Havuzu'!$B$2:$B$1001,$J19)) -> Sayının Küpü | H19: =IF($J19="","",INDEX('Soru Havuzu'!$C$2:$C$1001,$J19)) -> Orta | J19: =IF(8<=MIN($B$3,$B$6),MATCH(8,'Soru Havuzu'!$L$2:$L$1001,0),"") -> 56
A20: =IF($J20="","",9) -> 9 | B20: =IF($J20="","",INDEX('Soru Havuzu'!$D$2:$D$1001,$J20)) -> Aşağıdakilerden hangisi bir doğal sayının küpü değildir? | C20: =IF($J20="","",INDEX('Soru Havuzu'!$E$2:$E$1001,$J20)) -> 49 | D20: =IF($J20="","",INDEX('Soru Havuzu'!$F$2:$F$1001,$J20)) -> 27 | E20: =IF($J20="","",INDEX('Soru Havuzu'!$G$2:$G$1001,$J20)) -> 512 | F20: =IF($J20="","",INDEX('Soru Havuzu'!$H$2:$H$1001,$J20)) -> 8 | G20: =IF($J20="","",INDEX('Soru Havuzu'!$B$2:$B$1001,$J20)) -> Sayının Küpü | H20: =IF($J20="","",INDEX('Soru Havuzu'!$C$2:$C$1001,$J20)) -> Orta | J20: =IF(9<=MIN($B$3,$B$6),MATCH(9,'Soru Havuzu'!$L$2:$L$1001,0),"") -> 67
A21: =IF($J21="","",10) -> 10 | B21: =IF($J21="","",INDEX('Soru Havuzu'!$D$2:$D$1001,$J21)) -> Bir ayrıtı 9 cm olan küpün hacmi kaç cm³'tür? | C21: =IF($J21="","",INDEX('Soru Havuzu'!$E$2:$E$1001,$J21)) -> 27 | D21: =IF($J21="","",INDEX('Soru Havuzu'!$F$2:$F$1001,$J21)) -> 486 | E21: =IF($J21="","",INDEX('Soru Havuzu'!$G$2:$G$1001,$J21)) -> 81 | F21: =IF($J21="","",INDEX('Soru Havuzu'!$H$2:$H$1001,$J21)) -> 729 | G21: =IF($J21="","",INDEX('Soru Havuzu'!$B$2:$B$1001,$J21)) -> Küpün Hacmi | H21: =IF($J21="","",INDEX('Soru Havuzu'!$C$2:$C$1001,$J21)) -> Kolay | J21: =IF(10<=MIN($B$3,$B$6),MATCH(10,'Soru Havuzu'!$L$2:$L$1001,0),"") -> 111
A22: =IF($J22="","",11) | B22: =IF($J22="","",INDEX('Soru Havuzu'!$D$2:$D$1001,$J22)) | C22: =IF($J22="","",INDEX('Soru Havuzu'!$E$2:$E$1001,$J22)) | D22: =IF($J22="","",INDEX('Soru Havuzu'!$F$2:$F$1001,$J22)) | E22: =IF($J22="","",INDEX('Soru Havuzu'!$G$2:$G$1001,$J22)) | F22: =IF($J22="","",INDEX('Soru Havuzu'!$H$2:$H$1001,$J22)) | G22: =IF($J22="","",INDEX('Soru Havuzu'!$B$2:$B$1001,$J22)) | H22: =IF($J22="","",INDEX('Soru Havuzu'!$C$2:$C$1001,$J22)) | J22: =IF(11<=MIN($B$3,$B$6),MATCH(11,'Soru Havuzu'!$L$2:$L$1001,0),"")
A23: =IF($J23="","",12) | B23: =IF($J23="","",INDEX('Soru Havuzu'!$D$2:$D$1001,$J23)) | C23: =IF($J23="","",INDEX('Soru Havuzu'!$E$2:$E$1001,$J23)) | D23: =IF($J23="","",INDEX('Soru Havuzu'!$F$2:$F$1001,$J23)) | E23: =IF($J23="","",INDEX('Soru Havuzu'!$G$2:$G$1001,$J23)) | F23: =IF($J23="","",INDEX('Soru Havuzu'!$H$2:$H$1001,$J23)) | G23: =IF($J23="","",INDEX('Soru Havuzu'!$B$2:$B$1001,$J23)) | H23: =IF($J23="","",INDEX('Soru Havuzu'!$C$2:$C$1001,$J23)) | J23: =IF(12<=MIN($B$3,$B$6),MATCH(12,'Soru Havuzu'!$L$2:$L$1001,0),"")
A24: =IF($J24="","",13) | B24: =IF($J24="","",INDEX('Soru Havuzu'!$D$2:$D$1001,$J24)) | C24: =IF($J24="","",INDEX('Soru Havuzu'!$E$2:$E$1001,$J24)) | D24: =IF($J24="","",INDEX('Soru Havuzu'!$F$2:$F$1001,$J24)) | E24: =IF($J24="","",INDEX('Soru Havuzu'!$G$2:$G$1001,$J24)) | F24: =IF($J24="","",INDEX('Soru Havuzu'!$H$2:$H$1001,$J24)) | G24: =IF($J24="","",INDEX('Soru Havuzu'!$B$2:$B$1001,$J24)) | H24: =IF($J24="","",INDEX('Soru Havuzu'!$C$2:$C$1001,$J24)) | J24: =IF(13<=MIN($B$3,$B$6),MATCH(13,'Soru Havuzu'!$L$2:$L$1001,0),"")
A25: =IF($J25="","",14) | B25: =IF($J25="","",INDEX('Soru Havuzu'!$D$2:$D$1001,$J25)) | C25: =IF($J25="","",INDEX('Soru Havuzu'!$E$2:$E$1001,$J25)) | D25: =IF($J25="","",INDEX('Soru Havuzu'!$F$2:$F$1001,$J25)) | E25: =IF($J25="","",INDEX('Soru Havuzu'!$G$2:$G$1001,$J25)) | F25: =IF($J25="","",INDEX('Soru Havuzu'!$H$2:$H$1001,$J25)) | G25: =IF($J25="","",INDEX('Soru Havuzu'!$B$2:$B$1001,$J25)) | H25: =IF($J25="","",INDEX('Soru Havuzu'!$C$2:$C$1001,$J25)) | J25: =IF(14<=MIN($B$3,$B$6),MATCH(14,'Soru Havuzu'!$L$2:$L$1001,0),"")
A26: =IF($J26="","",15) | B26: =IF($J26="","",INDEX('Soru Havuzu'!$D$2:$D$1001,$J26)) | C26: =IF($J26="","",INDEX('Soru Havuzu'!$E$2:$E$1001,$J26)) | D26: =IF($J26="","",INDEX('Soru Havuzu'!$F$2:$F$1001,$J26)) | E26: =IF($J26="","",INDEX('Soru Havuzu'!$G$2:$G$1001,$J26)) | F26: =IF($J26="","",INDEX('Soru Havuzu'!$H$2:$H$1001,$J26)) | G26: =IF($J26="","",INDEX('Soru Havuzu'!$B$2:$B$1001,$J26)) | H26: =IF($J26="","",INDEX('Soru Havuzu'!$C$2:$C$1001,$J26)) | J26: =IF(15<=MIN($B$3,$B$6),MATCH(15,'Soru Havuzu'!$L$2:$L$1001,0),"")
A27: =IF($J27="","",16) | B27: =IF($J27="","",INDEX('Soru Havuzu'!$D$2:$D$1001,$J27)) | C27: =IF($J27="","",INDEX('Soru Havuzu'!$E$2:$E$1001,$J27)) | D27: =IF($J27="","",INDEX('Soru Havuzu'!$F$2:$F$1001,$J27)) | E27: =IF($J27="","",INDEX('Soru Havuzu'!$G$2:$G$1001,$J27)) | F27: =IF($J27="","",INDEX('Soru Havuzu'!$H$2:$H$1001,$J27)) | G27: =IF($J27="","",INDEX('Soru Havuzu'!$B$2:$B$1001,$J27)) | H27: =IF($J27="","",INDEX('Soru Havuzu'!$C$2:$C$1001,$J27)) | J27: =IF(16<=MIN($B$3,$B$6),MATCH(16,'Soru Havuzu'!$L$2:$L$1001,0),"")
A28: =IF($J28="","",17) | B28: =IF($J28="","",INDEX('Soru Havuzu'!$D$2:$D$1001,$J28)) | C28: =IF($J28="","",INDEX('Soru Havuzu'!$E$2:$E$1001,$J28)) | D28: =IF($J28="","",INDEX('Soru Havuzu'!$F$2:$F$1001,$J28)) | E28: =IF($J28="","",INDEX('Soru Havuzu'!$G$2:$G$1001,$J28)) | F28: =IF($J28="","",INDEX('Soru Havuzu'!$H$2:$H$1001,$J28)) | G28: =IF($J28="","",INDEX('Soru Havuzu'!$B$2:$B$1001,$J28)) | H28: =IF($J28="","",INDEX('Soru Havuzu'!$C$2:$C$1001,$J28)) | J28: =IF(17<=MIN($B$3,$B$6),MATCH(17,'Soru Havuzu'!$L$2:$L$1001,0),"")
A29: =IF($J29="","",18) | B29: =IF($J29="","",INDEX('Soru Havuzu'!$D$2:$D$1001,$J29)) | C29: =IF($J29="","",INDEX('Soru Havuzu'!$E$2:$E$1001,$J29)) | D29: =IF($J29="","",INDEX('Soru Havuzu'!$F$2:$F$1001,$J29)) | E29: =IF($J29="","",INDEX('Soru Havuzu'!$G$2:$G$1001,$J29)) | F29: =IF($J29="","",INDEX('Soru Havuzu'!$H$2:$H$1001,$J29)) | G29: =IF($J29="","",INDEX('Soru Havuzu'!$B$2:$B$1001,$J29)) | H29: =IF($J29="","",INDEX('Soru Havuzu'!$C$2:$C$1001,$J29)) | J29: =IF(18<=MIN($B$3,$B$6),MATCH(18,'Soru Havuzu'!$L$2:$L$1001,0),"")
A30: =IF($J30="","",19) | B30: =IF($J30="","",INDEX('Soru Havuzu'!$D$2:$D$1001,$J30)) | C30: =IF($J30="","",INDEX('Soru Havuzu'!$E$2:$E$1001,$J30)) | D30: =IF($J30="","",INDEX('Soru Havuzu'!$F$2:$F$1001,$J30)) | E30: =IF($J30="","",INDEX('Soru Havuzu'!$G$2:$G$1001,$J30)) | F30: =IF($J30="","",INDEX('Soru Havuzu'!$H$2:$H$1001,$J30)) | G30: =IF($J30="","",INDEX('Soru Havuzu'!$B$2:$B$1001,$J30)) | H30: =IF($J30="","",INDEX('Soru Havuzu'!$C$2:$C$1001,$J30)) | J30: =IF(19<=MIN($B$3,$B$6),MATCH(19,'Soru Havuzu'!$L$2:$L$1001,0),"")
A31: =IF($J31="","",20) | B31: =IF($J31="","",INDEX('Soru Havuzu'!$D$2:$D$1001,$J31)) | C31: =IF($J31="","",INDEX('Soru Havuzu'!$E$2:$E$1001,$J31)) | D31: =IF($J31="","",INDEX('Soru Havuzu'!$F$2:$F$1001,$J31)) | E31: =IF($J31="","",INDEX('Soru Havuzu'!$G$2:$G$1001,$J31)) | F31: =IF($J31="","",INDEX('Soru Havuzu'!$H$2:$H$1001,$J31)) | G31: =IF($J31="","",INDEX('Soru Havuzu'!$B$2:$B$1001,$J31)) | H31: =IF($J31="","",INDEX('Soru Havuzu'!$C$2:$C$1001,$J31)) | J31: =IF(20<=MIN($B$3,$B$6),MATCH(20,'Soru Havuzu'!$L$2:$L$1001,0),"")
A32: =IF($J32="","",21) | B32: =IF($J32="","",INDEX('Soru Havuzu'!$D$2:$D$1001,$J32)) | C32: =IF($J32="","",INDEX('Soru Havuzu'!$E$2:$E$1001,$J32)) | D32: =IF($J32="","",INDEX('Soru Havuzu'!$F$2:$F$1001,$J32)) | E32: =IF($J32="","",INDEX('Soru Havuzu'!$G$2:$G$1001,$J32)) | F32: =IF($J32="","",INDEX('Soru Havuzu'!$H$2:$H$1001,$J32)) | G32: =IF($J32="","",INDEX('Soru Havuzu'!$B$2:$B$1001,$J32)) | H32: =IF($J32="","",INDEX('Soru Havuzu'!$C$2:$C$1001,$J32)) | J32: =IF(21<=MIN($B$3,$B$6),MATCH(21,'Soru Havuzu'!$L$2:$L$1001,0),"")
A33: =IF($J33="","",22) | B33: =IF($J33="","",INDEX('Soru Havuzu'!$D$2:$D$1001,$J33)) | C33: =IF($J33="","",INDEX('Soru Havuzu'!$E$2:$E$1001,$J33)) | D33: =IF($J33="","",INDEX('Soru Havuzu'!$F$2:$F$1001,$J33)) | E33: =IF($J33="","",INDEX('Soru Havuzu'!$G$2:$G$1001,$J33)) | F33: =IF($J33="","",INDEX('Soru Havuzu'!$H$2:$H$1001,$J33)) | G33: =IF($J33="","",INDEX('Soru Havuzu'!$B$2:$B$1001,$J33)) | H33: =IF($J33="","",INDEX('Soru Havuzu'!$C$2:$C$1001,$J33)) | J33: =IF(22<=MIN($B$3,$B$6),MATCH(22,'Soru Havuzu'!$L$2:$L$1001,0),"")
A34: =IF($J34="","",23) | B34: =IF($J34="","",INDEX('Soru Havuzu'!$D$2:$D$1001,$J34)) | C34: =IF($J34="","",INDEX('Soru Havuzu'!$E$2:$E$1001,$J34)) | D34: =IF($J34="","",INDEX('Soru Havuzu'!$F$2:$F$1001,$J34)) | E34: =IF($J34="","",INDEX('Soru Havuzu'!$G$2:$G$1001,$J34)) | F34: =IF($J34="","",INDEX('Soru Havuzu'!$H$2:$H$1001,$J34)) | G34: =IF($J34="","",INDEX('Soru Havuzu'!$B$2:$B$1001,$J34)) | H34: =IF($J34="","",INDEX('Soru Havuzu'!$C$2:$C$1001,$J34)) | J34: =IF(23<=MIN($B$3,$B$6),MATCH(23,'Soru Havuzu'!$L$2:$L$1001,0),"")
A35: =IF($J35="","",24) | B35: =IF($J35="","",INDEX('Soru Havuzu'!$D$2:$D$1001,$J35)) | C35: =IF($J35="","",INDEX('Soru Havuzu'!$E$2:$E$1001,$J35)) | D35: =IF($J35="","",INDEX('Soru Havuzu'!$F$2:$F$1001,$J35)) | E35: =IF($J35="","",INDEX('Soru Havuzu'!$G$2:$G$1001,$J35)) | F35: =IF($J35="","",INDEX('Soru Havuzu'!$H$2:$H$1001,$J35)) | G35: =IF($J35="","",INDEX('Soru Havuzu'!$B$2:$B$1001,$J35)) | H35: =IF($J35="","",INDEX('Soru Havuzu'!$C$2:$C$1001,$J35)) | J35: =IF(24<=MIN($B$3,$B$6),MATCH(24,'Soru Havuzu'!$L$2:$L$1001,0),"")
A36: =IF($J36="","",25) | B36: =IF($J36="","",INDEX('Soru Havuzu'!$D$2:$D$1001,$J36)) | C36: =IF($J36="","",INDEX('Soru Havuzu'!$E$2:$E$1001,$J36)) | D36: =IF($J36="","",INDEX('Soru Havuzu'!$F$2:$F$1001,$J36)) | E36: =IF($J36="","",INDEX('Soru Havuzu'!$G$2:$G$1001,$J36)) | F36: =IF($J36="","",INDEX('Soru Havuzu'!$H$2:$H$1001,$J36)) | G36: =IF($J36="","",INDEX('Soru Havuzu'!$B$2:$B$1001,$J36)) | H36: =IF($J36="","",INDEX('Soru Havuzu'!$C$2:$C$1001,$J36)) | J36: =IF(25<=MIN($B$3,$B$6),MATCH(25,'Soru Havuzu'!$L$2:$L$1001,0),"")
A37: =IF($J37="","",26) | B37: =IF($J37="","",INDEX('Soru Havuzu'!$D$2:$D$1001,$J37)) | C37: =IF($J37="","",INDEX('Soru Havuzu'!$E$2:$E$1001,$J37)) | D37: =IF($J37="","",INDEX('Soru Havuzu'!$F$2:$F$1001,$J37)) | E37: =IF($J37="","",INDEX('Soru Havuzu'!$G$2:$G$1001,$J37)) | F37: =IF($J37="","",INDEX('Soru Havuzu'!$H$2:$H$1001,$J37)) | G37: =IF($J37="","",INDEX('Soru Havuzu'!$B$2:$B$1001,$J37)) | H37: =IF($J37="","",INDEX('Soru Havuzu'!$C$2:$C$1001,$J37)) | J37: =IF(26<=MIN($B$3,$B$6),MATCH(26,'Soru Havuzu'!$L$2:$L$1001,0),"")
A38: =IF($J38="","",27) | B38: =IF($J38="","",INDEX('Soru Havuzu'!$D$2:$D$1001,$J38)) | C38: =IF($J38="","",INDEX('Soru Havuzu'!$E$2:$E$1001,$J38)) | D38: =IF($J38="","",INDEX('Soru Havuzu'!$F$2:$F$1001,$J38)) | E38: =IF($J38="","",INDEX('Soru Havuzu'!$G$2:$G$1001,$J38)) | F38: =IF($J38="","",INDEX('Soru Havuzu'!$H$2:$H$1001,$J38)) | G38: =IF($J38="","",INDEX('Soru Havuzu'!$B$2:$B$1001,$J38)) | H38: =IF($J38="","",INDEX('Soru Havuzu'!$C$2:$C$1001,$J38)) | J38: =IF(27<=MIN($B$3,$B$6),MATCH(27,'Soru Havuzu'!$L$2:$L$1001,0),"")
A39: =IF($J39="","",28) | B39: =IF($J39="","",INDEX('Soru Havuzu'!$D$2:$D$1001,$J39)) | C39: =IF($J39="","",INDEX('Soru Havuzu'!$E$2:$E$1001,$J39)) | D39: =IF($J39="","",INDEX('Soru Havuzu'!$F$2:$F$1001,$J39)) | E39: =IF($J39="","",INDEX('Soru Havuzu'!$G$2:$G$1001,$J39)) | F39: =IF($J39="","",INDEX('Soru Havuzu'!$H$2:$H$1001,$J39)) | G39: =IF($J39="","",INDEX('Soru Havuzu'!$B$2:$B$1001,$J39)) | H39: =IF($J39="","",INDEX('Soru Havuzu'!$C$2:$C$1001,$J39)) | J39: =IF(28<=MIN($B$3,$B$6),MATCH(28,'Soru Havuzu'!$L$2:$L$1001,0),"")
A40: =IF($J40="","",29) | B40: =IF($J40="","",INDEX('Soru Havuzu'!$D$2:$D$1001,$J40)) | C40: =IF($J40="","",INDEX('Soru Havuzu'!$E$2:$E$1001,$J40)) | D40: =IF($J40="","",INDEX('Soru Havuzu'!$F$2:$F$1001,$J40)) | E40: =IF($J40="","",INDEX('Soru Havuzu'!$G$2:$G$1001,$J40)) | F40: =IF($J40="","",INDEX('Soru Havuzu'!$H$2:$H$1001,$J40)) | G40: =IF($J40="","",INDEX('Soru Havuzu'!$B$2:$B$1001,$J40)) | H40: =IF($J40="","",INDEX('Soru Havuzu'!$C$2:$C$1001,$J40)) | J40: =IF(29<=MIN($B$3,$B$6),MATCH(29,'Soru Havuzu'!$L$2:$L$1001,0),"")
A41: =IF($J41="","",30) | B41: =IF($J41="","",INDEX('Soru Havuzu'!$D$2:$D$1001,$J41)) | C41: =IF($J41="","",INDEX('Soru Havuzu'!$E$2:$E$1001,$J41)) | D41: =IF($J41="","",INDEX('Soru Havuzu'!$F$2:$F$1001,$J41)) | E41: =IF($J41="","",INDEX('Soru Havuzu'!$G$2:$G$1001,$J41)) | F41: =IF($J41="","",INDEX('Soru Havuzu'!$H$2:$H$1001,$J41)) | G41: =IF($J41="","",INDEX('Soru Havuzu'!$B$2:$B$1001,$J41)) | H41: =IF($J41="","",INDEX('Soru Havuzu'!$C$2:$C$1001,$J41)) | J41: =IF(30<=MIN($B$3,$B$6),MATCH(30,'Soru Havuzu'!$L$2:$L$1001,0),"")
A42: =IF($J42="","",31) | B42: =IF($J42="","",INDEX('Soru Havuzu'!$D$2:$D$1001,$J42)) | C42: =IF($J42="","",INDEX('Soru Havuzu'!$E$2:$E$1001,$J42)) | D42: =IF($J42="","",INDEX('Soru Havuzu'!$F$2:$F$1001,$J42)) | E42: =IF($J42="","",INDEX('Soru Havuzu'!$G$2:$G$1001,$J42)) | F42: =IF($J42="","",INDEX('Soru Havuzu'!$H$2:$H$1001,$J42)) | G42: =IF($J42="","",INDEX('Soru Havuzu'!$B$2:$B$1001,$J42)) | H42: =IF($J42="","",INDEX('Soru Havuzu'!$C$2:$C$1001,$J42)) | J42: =IF(31<=MIN($B$3,$B$6),MATCH(31,'Soru Havuzu'!$L$2:$L$1001,0),"")
A43: =IF($J43="","",32) | B43: =IF($J43="","",INDEX('Soru Havuzu'!$D$2:$D$1001,$J43)) | C43: =IF($J43="","",INDEX('Soru Havuzu'!$E$2:$E$1001,$J43)) | D43: =IF($J43="","",INDEX('Soru Havuzu'!$F$2:$F$1001,$J43)) | E43: =IF($J43="","",INDEX('Soru Havuzu'!$G$2:$G$1001,$J43)) | F43: =IF($J43="","",INDEX('Soru Havuzu'!$H$2:$H$1001,$J43)) | G43: =IF($J43="","",INDEX('Soru Havuzu'!$B$2:$B$1001,$J43)) | H43: =IF($J43="","",INDEX('Soru Havuzu'!$C$2:$C$1001,$J43)) | J43: =IF(32<=MIN($B$3,$B$6),MATCH(32,'Soru Havuzu'!$L$2:$L$1001,0),"")
A44: =IF($J44="","",33) | B44: =IF($J44="","",INDEX('Soru Havuzu'!$D$2:$D$1001,$J44)) | C44: =IF($J44="","",INDEX('Soru Havuzu'!$E$2:$E$1001,$J44)) | D44: =IF($J44="","",INDEX('Soru Havuzu'!$F$2:$F$1001,$J44)) | E44: =IF($J44="","",INDEX('Soru Havuzu'!$G$2:$G$1001,$J44)) | F44: =IF($J44="","",INDEX('Soru Havuzu'!$H$2:$H$1001,$J44)) | G44: =IF($J44="","",INDEX('Soru Havuzu'!$B$2:$B$1001,$J44)) | H44: =IF($J44="","",INDEX('Soru Havuzu'!$C$2:$C$1001,$J44)) | J44: =IF(33<=MIN($B$3,$B$6),MATCH(33,'Soru Havuzu'!$L$2:$L$1001,0),"")
A45: =IF($J45="","",34) | B45: =IF($J45="","",INDEX('Soru Havuzu'!$D$2:$D$1001,$J45)) | C45: =IF($J45="","",INDEX('Soru Havuzu'!$E$2:$E$1001,$J45)) | D45: =IF($J45="","",INDEX('Soru Havuzu'!$F$2:$F$1001,$J45)) | E45: =IF($J45="","",INDEX('Soru Havuzu'!$G$2:$G$1001,$J45)) | F45: =IF($J45="","",INDEX('Soru Havuzu'!$H$2:$H$1001,$J45)) | G45: =IF($J45="","",INDEX('Soru Havuzu'!$B$2:$B$1001,$J45)) | H45: =IF($J45="","",INDEX('Soru Havuzu'!$C$2:$C$1001,$J45)) | J45: =IF(34<=MIN($B$3,$B$6),MATCH(34,'Soru Havuzu'!$L$2:$L$1001,0),"")
A46: =IF($J46="","",35) | B46: =IF($J46="","",INDEX('Soru Havuzu'!$D$2:$D$1001,$J46)) | C46: =IF($J46="","",INDEX('Soru Havuzu'!$E$2:$E$1001,$J46)) | D46: =IF($J46="","",INDEX('Soru Havuzu'!$F$2:$F$1001,$J46)) | E46: =IF($J46="","",INDEX('Soru Havuzu'!$G$2:$G$1001,$J46)) | F46: =IF($J46="","",INDEX('Soru Havuzu'!$H$2:$H$1001,$J46)) | G46: =IF($J46="","",INDEX('Soru Havuzu'!$B$2:$B$1001,$J46)) | H46: =IF($J46="","",INDEX('Soru Havuzu'!$C$2:$C$1001,$J46)) | J46: =IF(35<=MIN($B$3,$B$6),MATCH(35,'Soru Havuzu'!$L$2:$L$1001,0),"")
A47: =IF($J47="","",36) | B47: =IF($J47="","",INDEX('Soru Havuzu'!$D$2:$D$1001,$J47)) | C47: =IF($J47="","",INDEX('Soru Havuzu'!$E$2:$E$1001,$J47)) | D47: =IF($J47="","",INDEX('Soru Havuzu'!$F$2:$F$1001,$J47)) | E47: =IF($J47="","",INDEX('Soru Havuzu'!$G$2:$G$1001,$J47)) | F47: =IF($J47="","",INDEX('Soru Havuzu'!$H$2:$H$1001,$J47)) | G47: =IF($J47="","",INDEX('Soru Havuzu'!$B$2:$B$1001,$J47)) | H47: =IF($J47="","",INDEX('Soru Havuzu'!$C$2:$C$1001,$J47)) | J47: =IF(36<=MIN($B$3,$B$6),MATCH(36,'Soru Havuzu'!$L$2:$L$1001,0),"")
A48: =IF($J48="","",37) | B48: =IF($J48="","",INDEX('Soru Havuzu'!$D$2:$D$1001,$J48)) | C48: =IF($J48="","",INDEX('Soru Havuzu'!$E$2:$E$1001,$J48)) | D48: =IF($J48="","",INDEX('Soru Havuzu'!$F$2:$F$1001,$J48)) | E48: =IF($J48="","",INDEX('Soru Havuzu'!$G$2:$G$1001,$J48)) | F48: =IF($J48="","",INDEX('Soru Havuzu'!$H$2:$H$1001,$J48)) | G48: =IF($J48="","",INDEX('Soru Havuzu'!$B$2:$B$1001,$J48)) | H48: =IF($J48="","",INDEX('Soru Havuzu'!$C$2:$C$1001,$J48)) | J48: =IF(37<=MIN($B$3,$B$6),MATCH(37,'Soru Havuzu'!$L$2:$L$1001,0),"")
A49: =IF($J49="","",38) | B49: =IF($J49="","",INDEX('Soru Havuzu'!$D$2:$D$1001,$J49)) | C49: =IF($J49="","",INDEX('Soru Havuzu'!$E$2:$E$1001,$J49)) | D49: =IF($J49="","",INDEX('Soru Havuzu'!$F$2:$F$1001,$J49)) | E49: =IF($J49="","",INDEX('Soru Havuzu'!$G$2:$G$1001,$J49)) | F49: =IF($J49="","",INDEX('Soru Havuzu'!$H$2:$H$1001,$J49)) | G49: =IF($J49="","",INDEX('Soru Havuzu'!$B$2:$B$1001,$J49)) | H49: =IF($J49="","",INDEX('Soru Havuzu'!$C$2:$C$1001,$J49)) | J49: =IF(38<=MIN($B$3,$B$6),MATCH(38,'Soru Havuzu'!$L$2:$L$1001,0),"")
A50: =IF($J50="","",39) | B50: =IF($J50="","",INDEX('Soru Havuzu'!$D$2:$D$1001,$J50)) | C50: =IF($J50="","",INDEX('Soru Havuzu'!$E$2:$E$1001,$J50)) | D50: =IF($J50="","",INDEX('Soru Havuzu'!$F$2:$F$1001,$J50)) | E50: =IF($J50="","",INDEX('Soru Havuzu'!$G$2:$G$1001,$J50)) | F50: =IF($J50="","",INDEX('Soru Havuzu'!$H$2:$H$1001,$J50)) | G50: =IF($J50="","",INDEX('Soru Havuzu'!$B$2:$B$1001,$J50)) | H50: =IF($J50="","",INDEX('Soru Havuzu'!$C$2:$C$1001,$J50)) | J50: =IF(39<=MIN($B$3,$B$6),MATCH(39,'Soru Havuzu'!$L$2:$L$1001,0),"")
A51: =IF($J51="","",40) | B51: =IF($J51="","",INDEX('Soru Havuzu'!$D$2:$D$1001,$J51)) | C51: =IF($J51="","",INDEX('Soru Havuzu'!$E$2:$E$1001,$J51)) | D51: =IF($J51="","",INDEX('Soru Havuzu'!$F$2:$F$1001,$J51)) | E51: =IF($J51="","",INDEX('Soru Havuzu'!$G$2:$G$1001,$J51)) | F51: =IF($J51="","",INDEX('Soru Havuzu'!$H$2:$H$1001,$J51)) | G51: =IF($J51="","",INDEX('Soru Havuzu'!$B$2:$B$1001,$J51)) | H51: =IF($J51="","",INDEX('Soru Havuzu'!$C$2:$C$1001,$J51)) | J51: =IF(40<=MIN($B$3,$B$6),MATCH(40,'Soru Havuzu'!$L$2:$L$1001,0),"")
A52: =IF($J52="","",41) | B52: =IF($J52="","",INDEX('Soru Havuzu'!$D$2:$D$1001,$J52)) | C52: =IF($J52="","",INDEX('Soru Havuzu'!$E$2:$E$1001,$J52)) | D52: =IF($J52="","",INDEX('Soru Havuzu'!$F$2:$F$1001,$J52)) | E52: =IF($J52="","",INDEX('Soru Havuzu'!$G$2:$G$1001,$J52)) | F52: =IF($J52="","",INDEX('Soru Havuzu'!$H$2:$H$1001,$J52)) | G52: =IF($J52="","",INDEX('Soru Havuzu'!$B$2:$B$1001,$J52)) | H52: =IF($J52="","",INDEX('Soru Havuzu'!$C$2:$C$1001,$J52)) | J52: =IF(41<=MIN($B$3,$B$6),MATCH(41,'Soru Havuzu'!$L$2:$L$1001,0),"")
A53: =IF($J53="","",42) | B53: =IF($J53="","",INDEX('Soru Havuzu'!$D$2:$D$1001,$J53)) | C53: =IF($J53="","",INDEX('Soru Havuzu'!$E$2:$E$1001,$J53)) | D53: =IF($J53="","",INDEX('Soru Havuzu'!$F$2:$F$1001,$J53)) | E53: =IF($J53="","",INDEX('Soru Havuzu'!$G$2:$G$1001,$J53)) | F53: =IF($J53="","",INDEX('Soru Havuzu'!$H$2:$H$1001,$J53)) | G53: =IF($J53="","",INDEX('Soru Havuzu'!$B$2:$B$1001,$J53)) | H53: =IF($J53="","",INDEX('Soru Havuzu'!$C$2:$C$1001,$J53)) | J53: =IF(42<=MIN($B$3,$B$6),MATCH(42,'Soru Havuzu'!$L$2:$L$1001,0),"")
A54: =IF($J54="","",43) | B54: =IF($J54="","",INDEX('Soru Havuzu'!$D$2:$D$1001,$J54)) | C54: =IF($J54="","",INDEX('Soru Havuzu'!$E$2:$E$1001,$J54)) | D54: =IF($J54="","",INDEX('Soru Havuzu'!$F$2:$F$1001,$J54)) | E54: =IF($J54="","",INDEX('Soru Havuzu'!$G$2:$G$1001,$J54)) | F54: =IF($J54="","",INDEX('Soru Havuzu'!$H$2:$H$1001,$J54)) | G54: =IF($J54="","",INDEX('Soru Havuzu'!$B$2:$B$1001,$J54)) | H54: =IF($J54="","",INDEX('Soru Havuzu'!$C$2:$C$1001,$J54)) | J54: =IF(43<=MIN($B$3,$B$6),MATCH(43,'Soru Havuzu'!$L$2:$L$1001,0),"")
A55: =IF($J55="","",44) | B55: =IF($J55="","",INDEX('Soru Havuzu'!$D$2:$D$1001,$J55)) | C55: =IF($J55="","",INDEX('Soru Havuzu'!$E$2:$E$1001,$J55)) | D55: =IF($J55="","",INDEX('Soru Havuzu'!$F$2:$F$1001,$J55)) | E55: =IF($J55="","",INDEX('Soru Havuzu'!$G$2:$G$1001,$J55)) | F55: =IF($J55="","",INDEX('Soru Havuzu'!$H$2:$H$1001,$J55)) | G55: =IF($J55="","",INDEX('Soru Havuzu'!$B$2:$B$1001,$J55)) | H55: =IF($J55="","",INDEX('Soru Havuzu'!$C$2:$C$1001,$J55)) | J55: =IF(44<=MIN($B$3,$B$6),MATCH(44,'Soru Havuzu'!$L$2:$L$1001,0),"")
A56: =IF($J56="","",45) | B56: =IF($J56="","",INDEX('Soru Havuzu'!$D$2:$D$1001,$J56)) | C56: =IF($J56="","",INDEX('Soru Havuzu'!$E$2:$E$1001,$J56)) | D56: =IF($J56="","",INDEX('Soru Havuzu'!$F$2:$F$1001,$J56)) | E56: =IF($J56="","",INDEX('Soru Havuzu'!$G$2:$G$1001,$J56)) | F56: =IF($J56="","",INDEX('Soru Havuzu'!$H$2:$H$1001,$J56)) | G56: =IF($J56="","",INDEX('Soru Havuzu'!$B$2:$B$1001,$J56)) | H56: =IF($J56="","",INDEX('Soru Havuzu'!$C$2:$C$1001,$J56)) | J56: =IF(45<=MIN($B$3,$B$6),MATCH(45,'Soru Havuzu'!$L$2:$L$1001,0),"")
A57: =IF($J57="","",46) | B57: =IF($J57="","",INDEX('Soru Havuzu'!$D$2:$D$1001,$J57)) | C57: =IF($J57="","",INDEX('Soru Havuzu'!$E$2:$E$1001,$J57)) | D57: =IF($J57="","",INDEX('Soru Havuzu'!$F$2:$F$1001,$J57)) | E57: =IF($J57="","",INDEX('Soru Havuzu'!$G$2:$G$1001,$J57)) | F57: =IF($J57="","",INDEX('Soru Havuzu'!$H$2:$H$1001,$J57)) | G57: =IF($J57="","",INDEX('Soru Havuzu'!$B$2:$B$1001,$J57)) | H57: =IF($J57="","",INDEX('Soru Havuzu'!$C$2:$C$1001,$J57)) | J57: =IF(46<=MIN($B$3,$B$6),MATCH(46,'Soru Havuzu'!$L$2:$L$1001,0),"")
A58: =IF($J58="","",47) | B58: =IF($J58="","",INDEX('Soru Havuzu'!$D$2:$D$1001,$J58)) | C58: =IF($J58="","",INDEX('Soru Havuzu'!$E$2:$E$1001,$J58)) | D58: =IF($J58="","",INDEX('Soru Havuzu'!$F$2:$F$1001,$J58)) | E58: =IF($J58="","",INDEX('Soru Havuzu'!$G$2:$G$1001,$J58)) | F58: =IF($J58="","",INDEX('Soru Havuzu'!$H$2:$H$1001,$J58)) | G58: =IF($J58="","",INDEX('Soru Havuzu'!$B$2:$B$1001,$J58)) | H58: =IF($J58="","",INDEX('Soru Havuzu'!$C$2:$C$1001,$J58)) | J58: =IF(47<=MIN($B$3,$B$6),MATCH(47,'Soru Havuzu'!$L$2:$L$1001,0),"")
A59: =IF($J59="","",48) | B59: =IF($J59="","",INDEX('Soru Havuzu'!$D$2:$D$1001,$J59)) | C59: =IF($J59="","",INDEX('Soru Havuzu'!$E$2:$E$1001,$J59)) | D59: =IF($J59="","",INDEX('Soru Havuzu'!$F$2:$F$1001,$J59)) | E59: =IF($J59="","",INDEX('Soru Havuzu'!$G$2:$G$1001,$J59)) | F59: =IF($J59="","",INDEX('Soru Havuzu'!$H$2:$H$1001,$J59)) | G59: =IF($J59="","",INDEX('Soru Havuzu'!$B$2:$B$1001,$J59)) | H59: =IF($J59="","",INDEX('Soru Havuzu'!$C$2:$C$1001,$J59)) | J59: =IF(48<=MIN($B$3,$B$6),MATCH(48,'Soru Havuzu'!$L$2:$L$1001,0),"")
A60: =IF($J60="","",49) | B60: =IF($J60="","",INDEX('Soru Havuzu'!$D$2:$D$1001,$J60)) | C60: =IF($J60="","",INDEX('Soru Havuzu'!$E$2:$E$1001,$J60)) | D60: =IF($J60="","",INDEX('Soru Havuzu'!$F$2:$F$1001,$J60)) | E60: =IF($J60="","",INDEX('Soru Havuzu'!$G$2:$G$1001,$J60)) | F60: =IF($J60="","",INDEX('Soru Havuzu'!$H$2:$H$1001,$J60)) | G60: =IF($J60="","",INDEX('Soru Havuzu'!$B$2:$B$1001,$J60)) | H60: =IF($J60="","",INDEX('Soru Havuzu'!$C$2:$C$1001,$J60)) | J60: =IF(49<=MIN($B$3,$B$6),MATCH(49,'Soru Havuzu'!$L$2:$L$1001,0),"")
A61: =IF($J61="","",50) | B61: =IF($J61="","",INDEX('Soru Havuzu'!$D$2:$D$1001,$J61)) | C61: =IF($J61="","",INDEX('Soru Havuzu'!$E$2:$E$1001,$J61)) | D61: =IF($J61="","",INDEX('Soru Havuzu'!$F$2:$F$1001,$J61)) | E61: =IF($J61="","",INDEX('Soru Havuzu'!$G$2:$G$1001,$J61)) | F61: =IF($J61="","",INDEX('Soru Havuzu'!$H$2:$H$1001,$J61)) | G61: =IF($J61="","",INDEX('Soru Havuzu'!$B$2:$B$1001,$J61)) | H61: =IF($J61="","",INDEX('Soru Havuzu'!$C$2:$C$1001,$J61)) | J61: =IF(50<=MIN($B$3,$B$6),MATCH(50,'Soru Havuzu'!$L$2:$L$1001,0),"")
A62: =IF($J62="","",51) | B62: =IF($J62="","",INDEX('Soru Havuzu'!$D$2:$D$1001,$J62)) | C62: =IF($J62="","",INDEX('Soru Havuzu'!$E$2:$E$1001,$J62)) | D62: =IF($J62="","",INDEX('Soru Havuzu'!$F$2:$F$1001,$J62)) | E62: =IF($J62="","",INDEX('Soru Havuzu'!$G$2:$G$1001,$J62)) | F62: =IF($J62="","",INDEX('Soru Havuzu'!$H$2:$H$1001,$J62)) | G62: =IF($J62="","",INDEX('Soru Havuzu'!$B$2:$B$1001,$J62)) | H62: =IF($J62="","",INDEX('Soru Havuzu'!$C$2:$C$1001,$J62)) | J62: =IF(51<=MIN($B$3,$B$6),MATCH(51,'Soru Havuzu'!$L$2:$L$1001,0),"")
A63: =IF($J63="","",52) | B63: =IF($J63="","",INDEX('Soru Havuzu'!$D$2:$D$1001,$J63)) | C63: =IF($J63="","",INDEX('Soru Havuzu'!$E$2:$E$1001,$J63)) | D63: =IF($J63="","",INDEX('Soru Havuzu'!$F$2:$F$1001,$J63)) | E63: =IF($J63="","",INDEX('Soru Havuzu'!$G$2:$G$1001,$J63)) | F63: =IF($J63="","",INDEX('Soru Havuzu'!$H$2:$H$1001,$J63)) | G63: =IF($J63="","",INDEX('Soru Havuzu'!$B$2:$B$1001,$J63)) | H63: =IF($J63="","",INDEX('Soru Havuzu'!$C$2:$C$1001,$J63)) | J63: =IF(52<=MIN($B$3,$B$6),MATCH(52,'Soru Havuzu'!$L$2:$L$1001,0),"")
A64: =IF($J64="","",53) | B64: =IF($J64="","",INDEX('Soru Havuzu'!$D$2:$D$1001,$J64)) | C64: =IF($J64="","",INDEX('Soru Havuzu'!$E$2:$E$1001,$J64)) | D64: =IF($J64="","",INDEX('Soru Havuzu'!$F$2:$F$1001,$J64)) | E64: =IF($J64="","",INDEX('Soru Havuzu'!$G$2:$G$1001,$J64)) | F64: =IF($J64="","",INDEX('Soru Havuzu'!$H$2:$H$1001,$J64)) | G64: =IF($J64="","",INDEX('Soru Havuzu'!$B$2:$B$1001,$J64)) | H64: =IF($J64="","",INDEX('Soru Havuzu'!$C$2:$C$1001,$J64)) | J64: =IF(53<=MIN($B$3,$B$6),MATCH(53,'Soru Havuzu'!$L$2:$L$1001,0),"")
A65: =IF($J65="","",54) | B65: =IF($J65="","",INDEX('Soru Havuzu'!$D$2:$D$1001,$J65)) | C65: =IF($J65="","",INDEX('Soru Havuzu'!$E$2:$E$1001,$J65)) | D65: =IF($J65="","",INDEX('Soru Havuzu'!$F$2:$F$1001,$J65)) | E65: =IF($J65="","",INDEX('Soru Havuzu'!$G$2:$G$1001,$J65)) | F65: =IF($J65="","",INDEX('Soru Havuzu'!$H$2:$H$1001,$J65)) | G65: =IF($J65="","",INDEX('Soru Havuzu'!$B$2:$B$1001,$J65)) | H65: =IF($J65="","",INDEX('Soru Havuzu'!$C$2:$C$1001,$J65)) | J65: =IF(54<=MIN($B$3,$B$6),MATCH(54,'Soru Havuzu'!$L$2:$L$1001,0),"")
A66: =IF($J66="","",55) | B66: =IF($J66="","",INDEX('Soru Havuzu'!$D$2:$D$1001,$J66)) | C66: =IF($J66="","",INDEX('Soru Havuzu'!$E$2:$E$1001,$J66)) | D66: =IF($J66="","",INDEX('Soru Havuzu'!$F$2:$F$1001,$J66)) | E66: =IF($J66="","",INDEX('Soru Havuzu'!$G$2:$G$1001,$J66)) | F66: =IF($J66="","",INDEX('Soru Havuzu'!$H$2:$H$1001,$J66)) | G66: =IF($J66="","",INDEX('Soru Havuzu'!$B$2:$B$1001,$J66)) | H66: =IF($J66="","",INDEX('Soru Havuzu'!$C$2:$C$1001,$J66)) | J66: =IF(55<=MIN($B$3,$B$6),MATCH(55,'Soru Havuzu'!$L$2:$L$1001,0),"")
A67: =IF($J67="","",56) | B67: =IF($J67="","",INDEX('Soru Havuzu'!$D$2:$D$1001,$J67)) | C67: =IF($J67="","",INDEX('Soru Havuzu'!$E$2:$E$1001,$J67)) | D67: =IF($J67="","",INDEX('Soru Havuzu'!$F$2:$F$1001,$J67)) | E67: =IF($J67="","",INDEX('Soru Havuzu'!$G$2:$G$1001,$J67)) | F67: =IF($J67="","",INDEX('Soru Havuzu'!$H$2:$H$1001,$J67)) | G67: =IF($J67="","",INDEX('Soru Havuzu'!$B$2:$B$1001,$J67)) | H67: =IF($J67="","",INDEX('Soru Havuzu'!$C$2:$C$1001,$J67)) | J67: =IF(56<=MIN($B$3,$B$6),MATCH(56,'Soru Havuzu'!$L$2:$L$1001,0),"")
A68: =IF($J68="","",57) | B68: =IF($J68="","",INDEX('Soru Havuzu'!$D$2:$D$1001,$J68)) | C68: =IF($J68="","",INDEX('Soru Havuzu'!$E$2:$E$1001,$J68)) | D68: =IF($J68="","",INDEX('Soru Havuzu'!$F$2:$F$1001,$J68)) | E68: =IF($J68="","",INDEX('Soru Havuzu'!$G$2:$G$1001,$J68)) | F68: =IF($J68="","",INDEX('Soru Havuzu'!$H$2:$H$1001,$J68)) | G68: =IF($J68="","",INDEX('Soru Havuzu'!$B$2:$B$1001,$J68)) | H68: =IF($J68="","",INDEX('Soru Havuzu'!$C$2:$C$1001,$J68)) | J68: =IF(57<=MIN($B$3,$B$6),MATCH(57,'Soru Havuzu'!$L$2:$L$1001,0),"")
A69: =IF($J69="","",58) | B69: =IF($J69="","",INDEX('Soru Havuzu'!$D$2:$D$1001,$J69)) | C69: =IF($J69="","",INDEX('Soru Havuzu'!$E$2:$E$1001,$J69)) | D69: =IF($J69="","",INDEX('Soru Havuzu'!$F$2:$F$1001,$J69)) | E69: =IF($J69="","",INDEX('Soru Havuzu'!$G$2:$G$1001,$J69)) | F69: =IF($J69="","",INDEX('Soru Havuzu'!$H$2:$H$1001,$J69)) | G69: =IF($J69="","",INDEX('Soru Havuzu'!$B$2:$B$1001,$J69)) | H69: =IF($J69="","",INDEX('Soru Havuzu'!$C$2:$C$1001,$J69)) | J69: =IF(58<=MIN($B$3,$B$6),MATCH(58,'Soru Havuzu'!$L$2:$L$1001,0),"")
A70: =IF($J70="","",59) | B70: =IF($J70="","",INDEX('Soru Havuzu'!$D$2:$D$1001,$J70)) | C70: =IF($J70="","",INDEX('Soru Havuzu'!$E$2:$E$1001,$J70)) | D70: =IF($J70="","",INDEX('Soru Havuzu'!$F$2:$F$1001,$J70)) | E70: =IF($J70="","",INDEX('Soru Havuzu'!$G$2:$G$1001,$J70)) | F70: =IF($J70="","",INDEX('Soru Havuzu'!$H$2:$H$1001,$J70)) | G70: =IF($J70="","",INDEX('Soru Havuzu'!$B$2:$B$1001,$J70)) | H70: =IF($J70="","",INDEX('Soru Havuzu'!$C$2:$C$1001,$J70)) | J70: =IF(59<=MIN($B$3,$B$6),MATCH(59,'Soru Havuzu'!$L$2:$L$1001,0),"")
A71: =IF($J71="","",60) | B71: =IF($J71="","",INDEX('Soru Havuzu'!$D$2:$D$1001,$J71)) | C71: =IF($J71="","",INDEX('Soru Havuzu'!$E$2:$E$1001,$J71)) | D71: =IF($J71="","",INDEX('Soru Havuzu'!$F$2:$F$1001,$J71)) | E71: =IF($J71="","",INDEX('Soru Havuzu'!$G$2:$G$1001,$J71)) | F71: =IF($J71="","",INDEX('Soru Havuzu'!$H$2:$H$1001,$J71)) | G71: =IF($J71="","",INDEX('Soru Havuzu'!$B$2:$B$1001,$J71)) | H71: =IF($J71="","",INDEX('Soru Havuzu'!$C$2:$C$1001,$J71)) | J71: =IF(60<=MIN($B$3,$B$6),MATCH(60,'Soru Havuzu'!$L$2:$L$1001,0),"")
A72: =IF($J72="","",61) | B72: =IF($J72="","",INDEX('Soru Havuzu'!$D$2:$D$1001,$J72)) | C72: =IF($J72="","",INDEX('Soru Havuzu'!$E$2:$E$1001,$J72)) | D72: =IF($J72="","",INDEX('Soru Havuzu'!$F$2:$F$1001,$J72)) | E72: =IF($J72="","",INDEX('Soru Havuzu'!$G$2:$G$1001,$J72)) | F72: =IF($J72="","",INDEX('Soru Havuzu'!$H$2:$H$1001,$J72)) | G72: =IF($J72="","",INDEX('Soru Havuzu'!$B$2:$B$1001,$J72)) | H72: =IF($J72="","",INDEX('Soru Havuzu'!$C$2:$C$1001,$J72)) | J72: =IF(61<=MIN($B$3,$B$6),MATCH(61,'Soru Havuzu'!$L$2:$L$1001,0),"")
A73: =IF($J73="","",62) | B73: =IF($J73="","",INDEX('Soru Havuzu'!$D$2:$D$1001,$J73)) | C73: =IF($J73="","",INDEX('Soru Havuzu'!$E$2:$E$1001,$J73)) | D73: =IF($J73="","",INDEX('Soru Havuzu'!$F$2:$F$1001,$J73)) | E73: =IF($J73="","",INDEX('Soru Havuzu'!$G$2:$G$1001,$J73)) | F73: =IF($J73="","",INDEX('Soru Havuzu'!$H$2:$H$1001,$J73)) | G73: =IF($J73="","",INDEX('Soru Havuzu'!$B$2:$B$1001,$J73)) | H73: =IF($J73="","",INDEX('Soru Havuzu'!$C$2:$C$1001,$J73)) | J73: =IF(62<=MIN($B$3,$B$6),MATCH(62,'Soru Havuzu'!$L$2:$L$1001,0),"")
A74: =IF($J74="","",63) | B74: =IF($J74="","",INDEX('Soru Havuzu'!$D$2:$D$1001,$J74)) | C74: =IF($J74="","",INDEX('Soru Havuzu'!$E$2:$E$1001,$J74)) | D74: =IF($J74="","",INDEX('Soru Havuzu'!$F$2:$F$1001,$J74)) | E74: =IF($J74="","",INDEX('Soru Havuzu'!$G$2:$G$1001,$J74)) | F74: =IF($J74="","",INDEX('Soru Havuzu'!$H$2:$H$1001,$J74)) | G74: =IF($J74="","",INDEX('Soru Havuzu'!$B$2:$B$1001,$J74)) | H74: =IF($J74="","",INDEX('Soru Havuzu'!$C$2:$C$1001,$J74)) | J74: =IF(63<=MIN($B$3,$B$6),MATCH(63,'Soru Havuzu'!$L$2:$L$1001,0),"")
A75: =IF($J75="","",64) | B75: =IF($J75="","",INDEX('Soru Havuzu'!$D$2:$D$1001,$J75)) | C75: =IF($J75="","",INDEX('Soru Havuzu'!$E$2:$E$1001,$J75)) | D75: =IF($J75="","",INDEX('Soru Havuzu'!$F$2:$F$1001,$J75)) | E75: =IF($J75="","",INDEX('Soru Havuzu'!$G$2:$G$1001,$J75)) | F75: =IF($J75="","",INDEX('Soru Havuzu'!$H$2:$H$1001,$J75)) | G75: =IF($J75="","",INDEX('Soru Havuzu'!$B$2:$B$1001,$J75)) | H75: =IF($J75="","",INDEX('Soru Havuzu'!$C$2:$C$1001,$J75)) | J75: =IF(64<=MIN($B$3,$B$6),MATCH(64,'Soru Havuzu'!$L$2:$L$1001,0),"")
A76: =IF($J76="","",65) | B76: =IF($J76="","",INDEX('Soru Havuzu'!$D$2:$D$1001,$J76)) | C76: =IF($J76="","",INDEX('Soru Havuzu'!$E$2:$E$1001,$J76)) | D76: =IF($J76="","",INDEX('Soru Havuzu'!$F$2:$F$1001,$J76)) | E76: =IF($J76="","",INDEX('Soru Havuzu'!$G$2:$G$1001,$J76)) | F76: =IF($J76="","",INDEX('Soru Havuzu'!$H$2:$H$1001,$J76)) | G76: =IF($J76="","",INDEX('Soru Havuzu'!$B$2:$B$1001,$J76)) | H76: =IF($J76="","",INDEX('Soru Havuzu'!$C$2:$C$1001,$J76)) | J76: =IF(65<=MIN($B$3,$B$6),MATCH(65,'Soru Havuzu'!$L$2:$L$1001,0),"")
A77: =IF($J77="","",66) | B77: =IF($J77="","",INDEX('Soru Havuzu'!$D$2:$D$1001,$J77)) | C77: =IF($J77="","",INDEX('Soru Havuzu'!$E$2:$E$1001,$J77)) | D77: =IF($J77="","",INDEX('Soru Havuzu'!$F$2:$F$1001,$J77)) | E77: =IF($J77="","",INDEX('Soru Havuzu'!$G$2:$G$1001,$J77)) | F77: =IF($J77="","",INDEX('Soru Havuzu'!$H$2:$H$1001,$J77)) | G77: =IF($J77="","",INDEX('Soru Havuzu'!$B$2:$B$1001,$J77)) | H77: =IF($J77="","",INDEX('Soru Havuzu'!$C$2:$C$1001,$J77)) | J77: =IF(66<=MIN($B$3,$B$6),MATCH(66,'Soru Havuzu'!$L$2:$L$1001,0),"")
A78: =IF($J78="","",67) | B78: =IF($J78="","",INDEX('Soru Havuzu'!$D$2:$D$1001,$J78)) | C78: =IF($J78="","",INDEX('Soru Havuzu'!$E$2:$E$1001,$J78)) | D78: =IF($J78="","",INDEX('Soru Havuzu'!$F$2:$F$1001,$J78)) | E78: =IF($J78="","",INDEX('Soru Havuzu'!$G$2:$G$1001,$J78)) | F78: =IF($J78="","",INDEX('Soru Havuzu'!$H$2:$H$1001,$J78)) | G78: =IF($J78="","",INDEX('Soru Havuzu'!$B$2:$B$1001,$J78)) | H78: =IF($J78="","",INDEX('Soru Havuzu'!$C$2:$C$1001,$J78)) | J78: =IF(67<=MIN($B$3,$B$6),MATCH(67,'Soru Havuzu'!$L$2:$L$1001,0),"")
A79: =IF($J79="","",68) | B79: =IF($J79="","",INDEX('Soru Havuzu'!$D$2:$D$1001,$J79)) | C79: =IF($J79="","",INDEX('Soru Havuzu'!$E$2:$E$1001,$J79)) | D79: =IF($J79="","",INDEX('Soru Havuzu'!$F$2:$F$1001,$J79)) | E79: =IF($J79="","",INDEX('Soru Havuzu'!$G$2:$G$1001,$J79)) | F79: =IF($J79="","",INDEX('Soru Havuzu'!$H$2:$H$1001,$J79)) | G79: =IF($J79="","",INDEX('Soru Havuzu'!$B$2:$B$1001,$J79)) | H79: =IF($J79="","",INDEX('Soru Havuzu'!$C$2:$C$1001,$J79)) | J79: =IF(68<=MIN($B$3,$B$6),MATCH(68,'Soru Havuzu'!$L$2:$L$1001,0),"")
A80: =IF($J80="","",69) | B80: =IF($J80="","",INDEX('Soru Havuzu'!$D$2:$D$1001,$J80)) | C80: =IF($J80="","",INDEX('Soru Havuzu'!$E$2:$E$1001,$J80)) | D80: =IF($J80="","",INDEX('Soru Havuzu'!$F$2:$F$1001,$J80)) | E80: =IF($J80="","",INDEX('Soru Havuzu'!$G$2:$G$1001,$J80)) | F80: =IF($J80="","",INDEX('Soru Havuzu'!$H$2:$H$1001,$J80)) | G80: =IF($J80="","",INDEX('Soru Havuzu'!$B$2:$B$1001,$J80)) | H80: =IF($J80="","",INDEX('Soru Havuzu'!$C$2:$C$1001,$J80)) | J80: =IF(69<=MIN($B$3,$B$6),MATCH(69,'Soru Havuzu'!$L$2:$L$1001,0),"")
A81: =IF($J81="","",70) | B81: =IF($J81="","",INDEX('Soru Havuzu'!$D$2:$D$1001,$J81)) | C81: =IF($J81="","",INDEX('Soru Havuzu'!$E$2:$E$1001,$J81)) | D81: =IF($J81="","",INDEX('Soru Havuzu'!$F$2:$F$1001,$J81)) | E81: =IF($J81="","",INDEX('Soru Havuzu'!$G$2:$G$1001,$J81)) | F81: =IF($J81="","",INDEX('Soru Havuzu'!$H$2:$H$1001,$J81)) | G81: =IF($J81="","",INDEX('Soru Havuzu'!$B$2:$B$1001,$J81)) | H81: =IF($J81="","",INDEX('Soru Havuzu'!$C$2:$C$1001,$J81)) | J81: =IF(70<=MIN($B$3,$B$6),MATCH(70,'Soru Havuzu'!$L$2:$L$1001,0),"")
A82: =IF($J82="","",71) | B82: =IF($J82="","",INDEX('Soru Havuzu'!$D$2:$D$1001,$J82)) | C82: =IF($J82="","",INDEX('Soru Havuzu'!$E$2:$E$1001,$J82)) | D82: =IF($J82="","",INDEX('Soru Havuzu'!$F$2:$F$1001,$J82)) | E82: =IF($J82="","",INDEX('Soru Havuzu'!$G$2:$G$1001,$J82)) | F82: =IF($J82="","",INDEX('Soru Havuzu'!$H$2:$H$1001,$J82)) | G82: =IF($J82="","",INDEX('Soru Havuzu'!$B$2:$B$1001,$J82)) | H82: =IF($J82="","",INDEX('Soru Havuzu'!$C$2:$C$1001,$J82)) | J82: =IF(71<=MIN($B$3,$B$6),MATCH(71,'Soru Havuzu'!$L$2:$L$1001,0),"")
A83: =IF($J83="","",72) | B83: =IF($J83="","",INDEX('Soru Havuzu'!$D$2:$D$1001,$J83)) | C83: =IF($J83="","",INDEX('Soru Havuzu'!$E$2:$E$1001,$J83)) | D83: =IF($J83="","",INDEX('Soru Havuzu'!$F$2:$F$1001,$J83)) | E83: =IF($J83="","",INDEX('Soru Havuzu'!$G$2:$G$1001,$J83)) | F83: =IF($J83="","",INDEX('Soru Havuzu'!$H$2:$H$1001,$J83)) | G83: =IF($J83="","",INDEX('Soru Havuzu'!$B$2:$B$1001,$J83)) | H83: =IF($J83="","",INDEX('Soru Havuzu'!$C$2:$C$1001,$J83)) | J83: =IF(72<=MIN($B$3,$B$6),MATCH(72,'Soru Havuzu'!$L$2:$L$1001,0),"")
A84: =IF($J84="","",73) | B84: =IF($J84="","",INDEX('Soru Havuzu'!$D$2:$D$1001,$J84)) | C84: =IF($J84="","",INDEX('Soru Havuzu'!$E$2:$E$1001,$J84)) | D84: =IF($J84="","",INDEX('Soru Havuzu'!$F$2:$F$1001,$J84)) | E84: =IF($J84="","",INDEX('Soru Havuzu'!$G$2:$G$1001,$J84)) | F84: =IF($J84="","",INDEX('Soru Havuzu'!$H$2:$H$1001,$J84)) | G84: =IF($J84="","",INDEX('Soru Havuzu'!$B$2:$B$1001,$J84)) | H84: =IF($J84="","",INDEX('Soru Havuzu'!$C$2:$C$1001,$J84)) | J84: =IF(73<=MIN($B$3,$B$6),MATCH(73,'Soru Havuzu'!$L$2:$L$1001,0),"")
A85: =IF($J85="","",74) | B85: =IF($J85="","",INDEX('Soru Havuzu'!$D$2:$D$1001,$J85)) | C85: =IF($J85="","",INDEX('Soru Havuzu'!$E$2:$E$1001,$J85)) | D85: =IF($J85="","",INDEX('Soru Havuzu'!$F$2:$F$1001,$J85)) | E85: =IF($J85="","",INDEX('Soru Havuzu'!$G$2:$G$1001,$J85)) | F85: =IF($J85="","",INDEX('Soru Havuzu'!$H$2:$H$1001,$J85)) | G85: =IF($J85="","",INDEX('Soru Havuzu'!$B$2:$B$1001,$J85)) | H85: =IF($J85="","",INDEX('Soru Havuzu'!$C$2:$C$1001,$J85)) | J85: =IF(74<=MIN($B$3,$B$6),MATCH(74,'Soru Havuzu'!$L$2:$L$1001,0),"")
A86: =IF($J86="","",75) | B86: =IF($J86="","",INDEX('Soru Havuzu'!$D$2:$D$1001,$J86)) | C86: =IF($J86="","",INDEX('Soru Havuzu'!$E$2:$E$1001,$J86)) | D86: =IF($J86="","",INDEX('Soru Havuzu'!$F$2:$F$1001,$J86)) | E86: =IF($J86="","",INDEX('Soru Havuzu'!$G$2:$G$1001,$J86)) | F86: =IF($J86="","",INDEX('Soru Havuzu'!$H$2:$H$1001,$J86)) | G86: =IF($J86="","",INDEX('Soru Havuzu'!$B$2:$B$1001,$J86)) | H86: =IF($J86="","",INDEX('Soru Havuzu'!$C$2:$C$1001,$J86)) | J86: =IF(75<=MIN($B$3,$B$6),MATCH(75,'Soru Havuzu'!$L$2:$L$1001,0),"")
A87: =IF($J87="","",76) | B87: =IF($J87="","",INDEX('Soru Havuzu'!$D$2:$D$1001,$J87)) | C87: =IF($J87="","",INDEX('Soru Havuzu'!$E$2:$E$1001,$J87)) | D87: =IF($J87="","",INDEX('Soru Havuzu'!$F$2:$F$1001,$J87)) | E87: =IF($J87="","",INDEX('Soru Havuzu'!$G$2:$G$1001,$J87)) | F87: =IF($J87="","",INDEX('Soru Havuzu'!$H$2:$H$1001,$J87)) | G87: =IF($J87="","",INDEX('Soru Havuzu'!$B$2:$B$1001,$J87)) | H87: =IF($J87="","",INDEX('Soru Havuzu'!$C$2:$C$1001,$J87)) | J87: =IF(76<=MIN($B$3,$B$6),MATCH(76,'Soru Havuzu'!$L$2:$L$1001,0),"")
A88: =IF($J88="","",77) | B88: =IF($J88="","",INDEX('Soru Havuzu'!$D$2:$D$1001,$J88)) | C88: =IF($J88="","",INDEX('Soru Havuzu'!$E$2:$E$1001,$J88)) | D88: =IF($J88="","",INDEX('Soru Havuzu'!$F$2:$F$1001,$J88)) | E88: =IF($J88="","",INDEX('Soru Havuzu'!$G$2:$G$1001,$J88)) | F88: =IF($J88="","",INDEX('Soru Havuzu'!$H$2:$H$1001,$J88)) | G88: =IF($J88="","",INDEX('Soru Havuzu'!$B$2:$B$1001,$J88)) | H88: =IF($J88="","",INDEX('Soru Havuzu'!$C$2:$C$1001,$J88)) | J88: =IF(77<=MIN($B$3,$B$6),MATCH(77,'Soru Havuzu'!$L$2:$L$1001,0),"")
A89: =IF($J89="","",78) | B89: =IF($J89="","",INDEX('Soru Havuzu'!$D$2:$D$1001,$J89)) | C89: =IF($J89="","",INDEX('Soru Havuzu'!$E$2:$E$1001,$J89)) | D89: =IF($J89="","",INDEX('Soru Havuzu'!$F$2:$F$1001,$J89)) | E89: =IF($J89="","",INDEX('Soru Havuzu'!$G$2:$G$1001,$J89)) | F89: =IF($J89="","",INDEX('Soru Havuzu'!$H$2:$H$1001,$J89)) | G89: =IF($J89="","",INDEX('Soru Havuzu'!$B$2:$B$1001,$J89)) | H89: =IF($J89="","",INDEX('Soru Havuzu'!$C$2:$C$1001,$J89)) | J89: =IF(78<=MIN($B$3,$B$6),MATCH(78,'Soru Havuzu'!$L$2:$L$1001,0),"")
A90: =IF($J90="","",79) | B90: =IF($J90="","",INDEX('Soru Havuzu'!$D$2:$D$1001,$J90)) | C90: =IF($J90="","",INDEX('Soru Havuzu'!$E$2:$E$1001,$J90)) | D90: =IF($J90="","",INDEX('Soru Havuzu'!$F$2:$F$1001,$J90)) | E90: =IF($J90="","",INDEX('Soru Havuzu'!$G$2:$G$1001,$J90)) | F90: =IF($J90="","",INDEX('Soru Havuzu'!$H$2:$H$1001,$J90)) | G90: =IF($J90="","",INDEX('Soru Havuzu'!$B$2:$B$1001,$J90)) | H90: =IF($J90="","",INDEX('Soru Havuzu'!$C$2:$C$1001,$J90)) | J90: =IF(79<=MIN($B$3,$B$6),MATCH(79,'Soru Havuzu'!$L$2:$L$1001,0),"")
A91: =IF($J91="","",80) | B91: =IF($J91="","",INDEX('Soru Havuzu'!$D$2:$D$1001,$J91)) | C91: =IF($J91="","",INDEX('Soru Havuzu'!$E$2:$E$1001,$J91)) | D91: =IF($J91="","",INDEX('Soru Havuzu'!$F$2:$F$1001,$J91)) | E91: =IF($J91="","",INDEX('Soru Havuzu'!$G$2:$G$1001,$J91)) | F91: =IF($J91="","",INDEX('Soru Havuzu'!$H$2:$H$1001,$J91)) | G91: =IF($J91="","",INDEX('Soru Havuzu'!$B$2:$B$1001,$J91)) | H91: =IF($J91="","",INDEX('Soru Havuzu'!$C$2:$C$1001,$J91)) | J91: =IF(80<=MIN($B$3,$B$6),MATCH(80,'Soru Havuzu'!$L$2:$L$1001,0),"")
A92: =IF($J92="","",81) | B92: =IF($J92="","",INDEX('Soru Havuzu'!$D$2:$D$1001,$J92)) | C92: =IF($J92="","",INDEX('Soru Havuzu'!$E$2:$E$1001,$J92)) | D92: =IF($J92="","",INDEX('Soru Havuzu'!$F$2:$F$1001,$J92)) | E92: =IF($J92="","",INDEX('Soru Havuzu'!$G$2:$G$1001,$J92)) | F92: =IF($J92="","",INDEX('Soru Havuzu'!$H$2:$H$1001,$J92)) | G92: =IF($J92="","",INDEX('Soru Havuzu'!$B$2:$B$1001,$J92)) | H92: =IF($J92="","",INDEX('Soru Havuzu'!$C$2:$C$1001,$J92)) | J92: =IF(81<=MIN($B$3,$B$6),MATCH(81,'Soru Havuzu'!$L$2:$L$1001,0),"")
A93: =IF($J93="","",82) | B93: =IF($J93="","",INDEX('Soru Havuzu'!$D$2:$D$1001,$J93)) | C93: =IF($J93="","",INDEX('Soru Havuzu'!$E$2:$E$1001,$J93)) | D93: =IF($J93="","",INDEX('Soru Havuzu'!$F$2:$F$1001,$J93)) | E93: =IF($J93="","",INDEX('Soru Havuzu'!$G$2:$G$1001,$J93)) | F93: =IF($J93="","",INDEX('Soru Havuzu'!$H$2:$H$1001,$J93)) | G93: =IF($J93="","",INDEX('Soru Havuzu'!$B$2:$B$1001,$J93)) | H93: =IF($J93="","",INDEX('Soru Havuzu'!$C$2:$C$1001,$J93)) | J93: =IF(82<=MIN($B$3,$B$6),MATCH(82,'Soru Havuzu'!$L$2:$L$1001,0),"")
A94: =IF($J94="","",83) | B94: =IF($J94="","",INDEX('Soru Havuzu'!$D$2:$D$1001,$J94)) | C94: =IF($J94="","",INDEX('Soru Havuzu'!$E$2:$E$1001,$J94)) | D94: =IF($J94="","",INDEX('Soru Havuzu'!$F$2:$F$1001,$J94)) | E94: =IF($J94="","",INDEX('Soru Havuzu'!$G$2:$G$1001,$J94)) | F94: =IF($J94="","",INDEX('Soru Havuzu'!$H$2:$H$1001,$J94)) | G94: =IF($J94="","",INDEX('Soru Havuzu'!$B$2:$B$1001,$J94)) | H94: =IF($J94="","",INDEX('Soru Havuzu'!$C$2:$C$1001,$J94)) | J94: =IF(83<=MIN($B$3,$B$6),MATCH(83,'Soru Havuzu'!$L$2:$L$1001,0),"")
A95: =IF($J95="","",84) | B95: =IF($J95="","",INDEX('Soru Havuzu'!$D$2:$D$1001,$J95)) | C95: =IF($J95="","",INDEX('Soru Havuzu'!$E$2:$E$1001,$J95)) | D95: =IF($J95="","",INDEX('Soru Havuzu'!$F$2:$F$1001,$J95)) | E95: =IF($J95="","",INDEX('Soru Havuzu'!$G$2:$G$1001,$J95)) | F95: =IF($J95="","",INDEX('Soru Havuzu'!$H$2:$H$1001,$J95)) | G95: =IF($J95="","",INDEX('Soru Havuzu'!$B$2:$B$1001,$J95)) | H95: =IF($J95="","",INDEX('Soru Havuzu'!$C$2:$C$1001,$J95)) | J95: =IF(84<=MIN($B$3,$B$6),MATCH(84,'Soru Havuzu'!$L$2:$L$1001,0),"")
A96: =IF($J96="","",85) | B96: =IF($J96="","",INDEX('Soru Havuzu'!$D$2:$D$1001,$J96)) | C96: =IF($J96="","",INDEX('Soru Havuzu'!$E$2:$E$1001,$J96)) | D96: =IF($J96="","",INDEX('Soru Havuzu'!$F$2:$F$1001,$J96)) | E96: =IF($J96="","",INDEX('Soru Havuzu'!$G$2:$G$1001,$J96)) | F96: =IF($J96="","",INDEX('Soru Havuzu'!$H$2:$H$1001,$J96)) | G96: =IF($J96="","",INDEX('Soru Havuzu'!$B$2:$B$1001,$J96)) | H96: =IF($J96="","",INDEX('Soru Havuzu'!$C$2:$C$1001,$J96)) | J96: =IF(85<=MIN($B$3,$B$6),MATCH(85,'Soru Havuzu'!$L$2:$L$1001,0),"")
A97: =IF($J97="","",86) | B97: =IF($J97="","",INDEX('Soru Havuzu'!$D$2:$D$1001,$J97)) | C97: =IF($J97="","",INDEX('Soru Havuzu'!$E$2:$E$1001,$J97)) | D97: =IF($J97="","",INDEX('Soru Havuzu'!$F$2:$F$1001,$J97)) | E97: =IF($J97="","",INDEX('Soru Havuzu'!$G$2:$G$1001,$J97)) | F97: =IF($J97="","",INDEX('Soru Havuzu'!$H$2:$H$1001,$J97)) | G97: =IF($J97="","",INDEX('Soru Havuzu'!$B$2:$B$1001,$J97)) | H97: =IF($J97="","",INDEX('Soru Havuzu'!$C$2:$C$1001,$J97)) | J97: =IF(86<=MIN($B$3,$B$6),MATCH(86,'Soru Havuzu'!$L$2:$L$1001,0),"")
A98: =IF($J98="","",87) | B98: =IF($J98="","",INDEX('Soru Havuzu'!$D$2:$D$1001,$J98)) | C98: =IF($J98="","",INDEX('Soru Havuzu'!$E$2:$E$1001,$J98)) | D98: =IF($J98="","",INDEX('Soru Havuzu'!$F$2:$F$1001,$J98)) | E98: =IF($J98="","",INDEX('Soru Havuzu'!$G$2:$G$1001,$J98)) | F98: =IF($J98="","",INDEX('Soru Havuzu'!$H$2:$H$1001,$J98)) | G98: =IF($J98="","",INDEX('Soru Havuzu'!$B$2:$B$1001,$J98)) | H98: =IF($J98="","",INDEX('Soru Havuzu'!$C$2:$C$1001,$J98)) | J98: =IF(87<=MIN($B$3,$B$6),MATCH(87,'Soru Havuzu'!$L$2:$L$1001,0),"")
A99: =IF($J99="","",88) | B99: =IF($J99="","",INDEX('Soru Havuzu'!$D$2:$D$1001,$J99)) | C99: =IF($J99="","",INDEX('Soru Havuzu'!$E$2:$E$1001,$J99)) | D99: =IF($J99="","",INDEX('Soru Havuzu'!$F$2:$F$1001,$J99)) | E99: =IF($J99="","",INDEX('Soru Havuzu'!$G$2:$G$1001,$J99)) | F99: =IF($J99="","",INDEX('Soru Havuzu'!$H$2:$H$1001,$J99)) | G99: =IF($J99="","",INDEX('Soru Havuzu'!$B$2:$B$1001,$J99)) | H99: =IF($J99="","",INDEX('Soru Havuzu'!$C$2:$C$1001,$J99)) | J99: =IF(88<=MIN($B$3,$B$6),MATCH(88,'Soru Havuzu'!$L$2:$L$1001,0),"")
A100: =IF($J100="","",89) | B100: =IF($J100="","",INDEX('Soru Havuzu'!$D$2:$D$1001,$J100)) | C100: =IF($J100="","",INDEX('Soru Havuzu'!$E$2:$E$1001,$J100)) | D100: =IF($J100="","",INDEX('Soru Havuzu'!$F$2:$F$1001,$J100)) | E100: =IF($J100="","",INDEX('Soru Havuzu'!$G$2:$G$1001,$J100)) | F100: =IF($J100="","",INDEX('Soru Havuzu'!$H$2:$H$1001,$J100)) | G100: =IF($J100="","",INDEX('Soru Havuzu'!$B$2:$B$1001,$J100)) | H100: =IF($J100="","",INDEX('Soru Havuzu'!$C$2:$C$1001,$J100)) | J100: =IF(89<=MIN($B$3,$B$6),MATCH(89,'Soru Havuzu'!$L$2:$L$1001,0),"")
A101: =IF($J101="","",90) | B101: =IF($J101="","",INDEX('Soru Havuzu'!$D$2:$D$1001,$J101)) | C101: =IF($J101="","",INDEX('Soru Havuzu'!$E$2:$E$1001,$J101)) | D101: =IF($J101="","",INDEX('Soru Havuzu'!$F$2:$F$1001,$J101)) | E101: =IF($J101="","",INDEX('Soru Havuzu'!$G$2:$G$1001,$J101)) | F101: =IF($J101="","",INDEX('Soru Havuzu'!$H$2:$H$1001,$J101)) | G101: =IF($J101="","",INDEX('Soru Havuzu'!$B$2:$B$1001,$J101)) | H101: =IF($J101="","",INDEX('Soru Havuzu'!$C$2:$C$1001,$J101)) | J101: =IF(90<=MIN($B$3,$B$6),MATCH(90,'Soru Havuzu'!$L$2:$L$1001,0),"")
A102: =IF($J102="","",91) | B102: =IF($J102="","",INDEX('Soru Havuzu'!$D$2:$D$1001,$J102)) | C102: =IF($J102="","",INDEX('Soru Havuzu'!$E$2:$E$1001,$J102)) | D102: =IF($J102="","",INDEX('Soru Havuzu'!$F$2:$F$1001,$J102)) | E102: =IF($J102="","",INDEX('Soru Havuzu'!$G$2:$G$1001,$J102)) | F102: =IF($J102="","",INDEX('Soru Havuzu'!$H$2:$H$1001,$J102)) | G102: =IF($J102="","",INDEX('Soru Havuzu'!$B$2:$B$1001,$J102)) | H102: =IF($J102="","",INDEX('Soru Havuzu'!$C$2:$C$1001,$J102)) | J102: =IF(91<=MIN($B$3,$B$6),MATCH(91,'Soru Havuzu'!$L$2:$L$1001,0),"")
A103: =IF($J103="","",92) | B103: =IF($J103="","",INDEX('Soru Havuzu'!$D$2:$D$1001,$J103)) | C103: =IF($J103="","",INDEX('Soru Havuzu'!$E$2:$E$1001,$J103)) | D103: =IF($J103="","",INDEX('Soru Havuzu'!$F$2:$F$1001,$J103)) | E103: =IF($J103="","",INDEX('Soru Havuzu'!$G$2:$G$1001,$J103)) | F103: =IF($J103="","",INDEX('Soru Havuzu'!$H$2:$H$1001,$J103)) | G103: =IF($J103="","",INDEX('Soru Havuzu'!$B$2:$B$1001,$J103)) | H103: =IF($J103="","",INDEX('Soru Havuzu'!$C$2:$C$1001,$J103)) | J103: =IF(92<=MIN($B$3,$B$6),MATCH(92,'Soru Havuzu'!$L$2:$L$1001,0),"")
...

Sheet Soru Havuzu
A1: No | B1: Konu | C1: Zorluk | D1: Soru | E1: A | F1: B | G1: C | H1: D | I1: Doğru Şık | J1: Uygun | K1: Rastgele | L1: Sıra
A2: 1 | B2: Sayının Küpü | C2: Kolay | D2: 1³ ifadesinin değeri kaçtır? | E2: 4 | F2: 1 | G2: 2 | H2: 3 | I2: B | J2: =IF($D2="",0,IF(AND(OR(Test!$B$4="Hepsi",$B2=Test!$B$4),OR(Test!$B$5="Hepsi",$C2=Test!$B$5)),1,0)) -> 1 | K2: =IF($J2=1,RAND(),-1) -> 0.04117541 | L2: =IF($J2=1,RANK($K2,$K$2:$K$1001),"") -> 217
A3: 2 | B3: Sayının Küpü | C3: Kolay | D3: 2³ ifadesinin değeri kaçtır? | E3: 6 | F3: 8 | G3: 10 | H3: 4 | I3: B | J3: =IF($D3="",0,IF(AND(OR(Test!$B$4="Hepsi",$B3=Test!$B$4),OR(Test!$B$5="Hepsi",$C3=Test!$B$5)),1,0)) -> 1 | K3: =IF($J3=1,RAND(),-1) -> 0.44941119 | L3: =IF($J3=1,RANK($K3,$K$2:$K$1001),"") -> 132
A4: 3 | B4: Sayının Küpü | C4: Kolay | D4: 3³ ifadesinin değeri kaçtır? | E4: 9 | F4: 30 | G4: 6 | H4: 27 | I4: D | J4: =IF($D4="",0,IF(AND(OR(Test!$B$4="Hepsi",$B4=Test!$B$4),OR(Test!$B$5="Hepsi",$C4=Test!$B$5)),1,0)) -> 1 | K4: =IF($J4=1,RAND(),-1) -> 0.60109649 | L4: =IF($J4=1,RANK($K4,$K$2:$K$1001),"") -> 98
A5: 4 | B5: Sayının Küpü | C5: Kolay | D5: 4³ ifadesinin değeri kaçtır? | E5: 64 | F5: 68 | G5: 12 | H5: 16 | I5: A | J5: =IF($D5="",0,IF(AND(OR(Test!$B$4="Hepsi",$B5=Test!$B$4),OR(Test!$B$5="Hepsi",$C5=Test!$B$5)),1,0)) -> 1 | K5: =IF($J5=1,RAND(),-1) -> 0.83030833 | L5: =IF($J5=1,RANK($K5,$K$2:$K$1001),"") -> 44
A6: 5 | B6: Sayının Küpü | C6: Kolay | D6: 5³ ifadesinin değeri kaçtır? | E6: 130 | F6: 125 | G6: 25 | H6: 15 | I6: B | J6: =IF($D6="",0,IF(AND(OR(Test!$B$4="Hepsi",$B6=Test!$B$4),OR(Test!$B$5="Hepsi",$C6=Test!$B$5)),1,0)) -> 1 | K6: =IF($J6=1,RAND(),-1) -> 0.86892368 | L6: =IF($J6=1,RANK($K6,$K$2:$K$1001),"") -> 35
A7: 6 | B7: Sayının Küpü | C7: Kolay | D7: 6³ ifadesinin değeri kaçtır? | E7: 222 | F7: 36 | G7: 18 | H7: 216 | I7: D | J7: =IF($D7="",0,IF(AND(OR(Test!$B$4="Hepsi",$B7=Test!$B$4),OR(Test!$B$5="Hepsi",$C7=Test!$B$5)),1,0)) -> 1 | K7: =IF($J7=1,RAND(),-1) -> 0.028367544 | L7: =IF($J7=1,RANK($K7,$K$2:$K$1001),"") -> 221
A8: 7 | B8: Sayının Küpü | C8: Kolay | D8: 7³ ifadesinin değeri kaçtır? | E8: 343 | F8: 49 | G8: 21 | H8: 350 | I8: A | J8: =IF($D8="",0,IF(AND(OR(Test!$B$4="Hepsi",$B8=Test!$B$4),OR(Test!$B$5="Hepsi",$C8=Test!$B$5)),1,0)) -> 1 | K8: =IF($J8=1,RAND(),-1) -> 0.99963405 | L8: =IF($J8=1,RANK($K8,$K$2:$K$1001),"") -> 2
A9: 8 | B9: Sayının Küpü | C9: Kolay | D9: 8³ ifadesinin değeri kaçtır? | E9: 24 | F9: 512 | G9: 64 | H9: 520 | I9: B | J9: =IF($D9="",0,IF(AND(OR(Test!$B$4="Hepsi",$B9=Test!$B$4),OR(Test!$B$5="Hepsi",$C9=Test!$B$5)),1,0)) -> 1 | K9: =IF($J9=1,RAND(),-1) -> 0.35386319 | L9: =IF($J9=1,RANK($K9,$K$2:$K$1001),"") -> 155
A10: 9 | B10: Sayının Küpü | C10: Kolay | D10: 9³ ifadesinin değeri kaçtır? | E10: 81 | F10: 27 | G10: 738 | H10: 729 | I10: D | J10: =IF($D10="",0,IF(AND(OR(Test!$B$4="Hepsi",$B10=Test!$B$4),OR(Test!$B$5="Hepsi",$C10=Test!$B$5)),1,0)) -> 1 | K10: =IF($J10=1,RAND(),-1) -> 0.94117966 | L10: =IF($J10=1,RANK($K10,$K$2:$K$1001),"") -> 21
A11: 10 | B11: Sayının Küpü | C11: Kolay | D11: 10³ ifadesinin değeri kaçtır? | E11: 1000 | F11: 100 | G11: 30 | H11: 1010 | I11: A | J11: =IF($D11="",0,IF(AND(OR(Test!$B$4="Hepsi",$B11=Test!$B$4),OR(Test!$B$5="Hepsi",$C11=Test!$B$5)),1,0)) -> 1 | K11: =IF($J11=1,RAND(),-1) -> 0.31630263 | L11: =IF($J11=1,RANK($K11,$K$2:$K$1001),"") -> 163
A12: 11 | B12: Sayının Küpü | C12: Kolay | D12: 2 · 2 · 2 çarpımının üslü gösterimi hangisidir? | E12: 2³ | F12: 3² | G12: 2² | H12: 2 · 3 | I12: A | J12: =IF($D12="",0,IF(AND(OR(Test!$B$4="Hepsi",$B12=Test!$B$4),OR(Test!$B$5="Hepsi",$C12=Test!$B$5)),1,0)) -> 1 | K12: =IF($J12=1,RAND(),-1) -> 0.14685472 | L12: =IF($J12=1,RANK($K12,$K$2:$K$1001),"") -> 195
A13: 12 | B13: Sayının Küpü | C13: Kolay | D13: 3 · 3 · 3 çarpımının üslü gösterimi hangisidir? | E13: 3³ | F13: 3 · 3 | G13: 3² | H13: 3⁴ | I13: A | J13: =IF($D13="",0,IF(AND(OR(Test!$B$4="Hepsi",$B13=Test!$B$4),OR(Test!$B$5="Hepsi",$C13=Test!$B$5)),1,0)) -> 1 | K13: =IF($J13=1,RAND(),-1) -> 0.31813579 | L13: =IF($J13=1,RANK($K13,$K$2:$K$1001),"") -> 162
... A225: 224 | B225: Küpün Özellikleri | C225: Zor | D225: Birim küplerden oluşan bir küpün dış yüzeyi boyanıyor. 3 yüzü boyalı kaç birim küp vardır? | E225: 8 | F225: 4 | G225: 12 | H225: 6 | I225: A | J225: =IF($D225="",0,IF(AND(OR(Test!$B$4="Hepsi",$B225=Test!$B$4),OR(Test!$B$5="Hepsi",$C225=Test!$B$5)),1,0)) -> 1 | K225: =IF($J225=1,RAND(),-1) -> 0.89425728 | L225: =IF($J225=1,RANK($K225,$K$2:$K$1001),"") -> 30
J226: =IF($D226="",0,IF(AND(OR(Test!$B$4="Hepsi",$B226=Test!$B$4),OR(Test!$B$5="Hepsi",$C226=Test!$B$5)),1,0)) -> 0 | K226: =IF($J226=1,RAND(),-1) -> -1 | L226: =IF($J226=1,RANK($K226,$K$2:$K$1001),"")
J227: =IF($D227="",0,IF(AND(OR(Test!$B$4="Hepsi",$B227=Test!$B$4),OR(Test!$B$5="Hepsi",$C227=Test!$B$5)),1,0)) -> 0 | K227: =IF($J227=1,RAND(),-1) -> -1 | L227: =IF($J227=1,RANK($K227,$K$2:$K$1001),"")
J228: =IF($D228="",0,IF(AND(OR(Test!$B$4="Hepsi",$B228=Test!$B$4),OR(Test!$B$5="Hepsi",$C228=Test!$B$5)),1,0)) -> 0 | K228: =IF($J228=1,RAND(),-1) -> -1 | L228: =IF($J228=1,RANK($K228,$K$2:$K$1001),"")
J229: =IF($D229="",0,IF(AND(OR(Test!$B$4="Hepsi",$B229=Test!$B$4),OR(Test!$B$5="Hepsi",$C229=Test!$B$5)),1,0)) -> 0 | K229: =IF($J229=1,RAND(),-1) -> -1 | L229: =IF($J229=1,RANK($K229,$K$2:$K$1001),"")
J230: =IF($D230="",0,IF(AND(OR(Test!$B$4="Hepsi",$B230=Test!$B$4),OR(Test!$B$5="Hepsi",$C230=Test!$B$5)),1,0)) -> 0 | K230: =IF($J230=1,RAND(),-1) -> -1 | L230: =IF($J230=1,RANK($K230,$K$2:$K$1001),"")
J231: =IF($D231="",0,IF(AND(OR(Test!$B$4="Hepsi",$B231=Test!$B$4),OR(Test!$B$5="Hepsi",$C231=Test!$B$5)),1,0)) -> 0 | K231: =IF($J231=1,RAND(),-1) -> -1 | L231: =IF($J231=1,RANK($K231,$K$2:$K$1001),"")
J232: =IF($D232="",0,IF(AND(OR(Test!$B$4="Hepsi",$B232=Test!$B$4),OR(Test!$B$5="Hepsi",$C232=Test!$B$5)),1,0)) -> 0 | K232: =IF($J232=1,RAND(),-1) -> -1 | L232: =IF($J232=1,RANK($K232,$K$2:$K$1001),"")
J233: =IF($D233="",0,IF(AND(OR(Test!$B$4="Hepsi",$B233=Test!$B$4),OR(Test!$B$5="Hepsi",$C233=Test!$B$5)),1,0)) -> 0 | K233: =IF($J233=1,RAND(),-1) -> -1 | L233: =IF($J233=1,RANK($K233,$K$2:$K$1001),"")
J234: =IF($D234="",0,IF(AND(OR(Test!$B$4="Hepsi",$B234=Test!$B$4),OR(Test!$B$5="Hepsi",$C234=Test!$B$5)),1,0)) -> 0 | K234: =IF($J234=1,RAND(),-1) -> -1 | L234: =IF($J234=1,RANK($K234,$K$2:$K$1001),"")
J235: =IF($D235="",0,IF(AND(OR(Test!$B$4="Hepsi",$B235=Test!$B$4),OR(Test!$B$5="Hepsi",$C235=Test!$B$5)),1,0)) -> 0 | K235: =IF($J235=1,RAND(),-1) -> -1 | L235: =IF($J235=1,RANK($K235,$K$2:$K$1001),"")
J236: =IF($D236="",0,IF(AND(OR(Test!$B$4="Hepsi",$B236=Test!$B$4),OR(Test!$B$5="Hepsi",$C236=Test!$B$5)),1,0)) -> 0 | K236: =IF($J236=1,RAND(),-1) -> -1 | L236: =IF($J236=1,RANK($K236,$K$2:$K$1001),"")
J237: =IF($D237="",0,IF(AND(OR(Test!$B$4="Hepsi",$B237=Test!$B$4),OR(Test!$B$5="Hepsi",$C237=Test!$B$5)),1,0)) -> 0 | K237: =IF($J237=1,RAND(),-1) -> -1 | L237: =IF($J237=1,RANK($K237,$K$2:$K$1001),"")
... J1001: =IF($D1001="",0,IF(AND(OR(Test!$B$4="Hepsi",$B1001=Test!$B$4),OR(Test!$B$5="Hepsi",$C1001=Test!$B$5)),1,0)) -> 0 | K1001: =IF($J1001=1,RAND(),-1) -> -1 | L1001: =IF($J1001=1,RANK($K1001,$K$2:$K$1001),"")

Sheet Cevap Anahtarı
A1: CEVAP ANAHTARI
A3: No | B3: Doğru Şık | C3: Cevap
A4: =Test!A12 -> 1 | B4: =IF(Test!$J12="","",INDEX('Soru Havuzu'!$I$2:$I$1001,Test!$J12)) -> B | C4: =IF(B4="","",INDEX(Test!$C12:$F12,MATCH(B4,{"A","B","C","D"},0))) -> 24
A5: =Test!A13 -> 2 | B5: =IF(Test!$J13="","",INDEX('Soru Havuzu'!$I$2:$I$1001,Test!$J13)) -> A | C5: =IF(B5="","",INDEX(Test!$C13:$F13,MATCH(B5,{"A","B","C","D"},0))) -> 343
A6: =Test!A14 -> 3 | B6: =IF(Test!$J14="","",INDEX('Soru Havuzu'!$I$2:$I$1001,Test!$J14)) -> C | C6: =IF(B6="","",INDEX(Test!$C14:$F14,MATCH(B6,{"A","B","C","D"},0))) -> 84
A7: =Test!A15 -> 4 | B7: =IF(Test!$J15="","",INDEX('Soru Havuzu'!$I$2:$I$1001,Test!$J15)) -> A | C7: =IF(B7="","",INDEX(Test!$C15:$F15,MATCH(B7,{"A","B","C","D"},0))) -> 2
A8: =Test!A16 -> 5 | B8: =IF(Test!$J16="","",INDEX('Soru Havuzu'!$I$2:$I$1001,Test!$J16)) -> D | C8: =IF(B8="","",INDEX(Test!$C16:$F16,MATCH(B8,{"A","B","C","D"},0))) -> 64
A9: =Test!A17 -> 6 | B9: =IF(Test!$J17="","",INDEX('Soru Havuzu'!$I$2:$I$1001,Test!$J17)) -> D | C9: =IF(B9="","",INDEX(Test!$C17:$F17,MATCH(B9,{"A","B","C","D"},0))) -> 10²
A10: =Test!A18 -> 7 | B10: =IF(Test!$J18="","",INDEX('Soru Havuzu'!$I$2:$I$1001,Test!$J18)) -> C | C10: =IF(B10="","",INDEX(Test!$C18:$F18,MATCH(B10,{"A","B","C","D"},0))) -> 6 · 6 · 6
A11: =Test!A19 -> 8 | B11: =IF(Test!$J19="","",INDEX('Soru Havuzu'!$I$2:$I$1001,Test!$J19)) -> D | C11: =IF(B11="","",INDEX(Test!$C19:$F19,MATCH(B11,{"A","B","C","D"},0))) -> 9²
A12: =Test!A20 -> 9 | B12: =IF(Test!$J20="","",INDEX('Soru Havuzu'!$I$2:$I$1001,Test!$J20)) -> A | C12: =IF(B12="","",INDEX(Test!$C20:$F20,MATCH(B12,{"A","B","C","D"},0))) -> 49
A13: =Test!A21 -> 10 | B13: =IF(Test!$J21="","",INDEX('Soru Havuzu'!$I$2:$I$1001,Test!$J21)) -> D | C13: =IF(B13="","",INDEX(Test!$C21:$F21,MATCH(B13,{"A","B","C","D"},0))) -> 729
A14: =Test!A22 | B14: =IF(Test!$J22="","",INDEX('Soru Havuzu'!$I$2:$I$1001,Test!$J22)) | C14: =IF(B14="","",INDEX(Test!$C22:$F22,MATCH(B14,{"A","B","C","D"},0)))
A15: =Test!A23 | B15: =IF(Test!$J23="","",INDEX('Soru Havuzu'!$I$2:$I$1001,Test!$J23)) | C15: =IF(B15="","",INDEX(Test!$C23:$F23,MATCH(B15,{"A","B","C","D"},0)))
... A103: =Test!A111 | B103: =IF(Test!$J111="","",INDEX('Soru Havuzu'!$I$2:$I$1001,Test!$J111)) | C103: =IF(B103="","",INDEX(Test!$C111:$F111,MATCH(B103,{"A","B","C","D"},0)))
